2026-03-02T15:38:10.904-05:00  INFO 19364 --- [backend] [main] com.spa.backend.SpaBackendApplication    : Starting SpaBackendApplication using Java 17.0.12 with PID 19364 (C:\Users\samue\OneDrive\Desktop\spa\Backend_spas\target\classes started by samue in C:\Users\samue\OneDrive\Desktop\spa\Backend_spas)
2026-03-02T15:38:10.921-05:00 DEBUG 19364 --- [backend] [main] com.spa.backend.SpaBackendApplication    : Running with Spring Boot v3.5.9, Spring v6.2.15
2026-03-02T15:38:10.924-05:00  INFO 19364 --- [backend] [main] com.spa.backend.SpaBackendApplication    : No active profile set, falling back to 1 default profile: "default"
2026-03-02T15:38:13.228-05:00  INFO 19364 --- [backend] [main] .s.d.r.c.RepositoryConfigurationDelegate : Bootstrapping Spring Data JPA repositories in DEFAULT mode.
2026-03-02T15:38:13.432-05:00  INFO 19364 --- [backend] [main] .s.d.r.c.RepositoryConfigurationDelegate : Finished Spring Data repository scanning in 168 ms. Found 8 JPA repository interfaces.
2026-03-02T15:38:15.634-05:00  INFO 19364 --- [backend] [main] o.s.b.w.embedded.tomcat.TomcatWebServer  : Tomcat initialized with port 8085 (http)
2026-03-02T15:38:15.681-05:00  INFO 19364 --- [backend] [main] o.apache.catalina.core.StandardService   : Starting service [Tomcat]
2026-03-02T15:38:15.683-05:00  INFO 19364 --- [backend] [main] o.apache.catalina.core.StandardEngine    : Starting Servlet engine: [Apache Tomcat/10.1.50]
2026-03-02T15:38:15.976-05:00  INFO 19364 --- [backend] [main] o.a.c.c.C.[Tomcat].[localhost].[/]       : Initializing Spring embedded WebApplicationContext
2026-03-02T15:38:15.979-05:00  INFO 19364 --- [backend] [main] w.s.c.ServletWebServerApplicationContext : Root WebApplicationContext: initialization completed in 4886 ms
2026-03-02T15:38:16.371-05:00  INFO 19364 --- [backend] [main] o.hibernate.jpa.internal.util.LogHelper  : HHH000204: Processing PersistenceUnitInfo [name: default]
2026-03-02T15:38:16.526-05:00  INFO 19364 --- [backend] [main] org.hibernate.Version                    : HHH000412: Hibernate ORM core version 6.6.39.Final
2026-03-02T15:38:16.644-05:00  INFO 19364 --- [backend] [main] o.h.c.internal.RegionFactoryInitiator    : HHH000026: Second-level cache disabled
2026-03-02T15:38:17.258-05:00  INFO 19364 --- [backend] [main] o.s.o.j.p.SpringPersistenceUnitInfo      : No LoadTimeWeaver setup: ignoring JPA class transformer
2026-03-02T15:38:17.358-05:00  INFO 19364 --- [backend] [main] com.zaxxer.hikari.HikariDataSource       : HikariPool-1 - Starting...
2026-03-02T15:38:19.368-05:00  INFO 19364 --- [backend] [main] com.zaxxer.hikari.pool.HikariPool        : HikariPool-1 - Added connection org.postgresql.jdbc.PgConnection@30bd39d5
2026-03-02T15:38:19.372-05:00  INFO 19364 --- [backend] [main] com.zaxxer.hikari.HikariDataSource       : HikariPool-1 - Start completed.
2026-03-02T15:38:19.540-05:00  WARN 19364 --- [backend] [main] org.hibernate.orm.deprecation            : HHH90000025: PostgreSQLDialect does not need to be specified explicitly using 'hibernate.dialect' (remove the property setting and it will be selected by default)
2026-03-02T15:38:19.795-05:00  INFO 19364 --- [backend] [main] org.hibernate.orm.connections.pooling    : HHH10001005: Database info:
	Database JDBC URL [Connecting through datasource 'HikariDataSource (HikariPool-1)']
	Database driver: undefined/unknown
	Database version: 17.8
	Autocommit mode: undefined/unknown
	Isolation level: undefined/unknown
	Minimum pool size: undefined/unknown
	Maximum pool size: undefined/unknown
2026-03-02T15:38:22.081-05:00  INFO 19364 --- [backend] [main] o.h.e.t.j.p.i.JtaPlatformInitiator       : HHH000489: No JTA platform available (set 'hibernate.transaction.jta.platform' to enable JTA platform integration)
2026-03-02T15:38:23.087-05:00  WARN 19364 --- [backend] [main] o.h.t.s.i.ExceptionHandlerLoggedImpl     : GenerationTarget encountered exception accepting command : Error executing DDL "alter table if exists quote_services add constraint FKmtgtwy0q1jgonrfy0juynclpn foreign key (id_service) references services" via JDBC [ERROR: insert or update on table "quote_services" violates foreign key constraint "fkmtgtwy0q1jgonrfy0juynclpn"
  Detail: Key (id_service)=(7) is not present in table "services".]

org.hibernate.tool.schema.spi.CommandAcceptanceException: Error executing DDL "alter table if exists quote_services add constraint FKmtgtwy0q1jgonrfy0juynclpn foreign key (id_service) references services" via JDBC [ERROR: insert or update on table "quote_services" violates foreign key constraint "fkmtgtwy0q1jgonrfy0juynclpn"
  Detail: Key (id_service)=(7) is not present in table "services".]
	at org.hibernate.tool.schema.internal.exec.GenerationTargetToDatabase.accept(GenerationTargetToDatabase.java:94) ~[hibernate-core-6.6.39.Final.jar:6.6.39.Final]
	at org.hibernate.tool.schema.internal.AbstractSchemaMigrator.applySqlString(AbstractSchemaMigrator.java:576) ~[hibernate-core-6.6.39.Final.jar:6.6.39.Final]
	at org.hibernate.tool.schema.internal.AbstractSchemaMigrator.applySqlStrings(AbstractSchemaMigrator.java:516) ~[hibernate-core-6.6.39.Final.jar:6.6.39.Final]
	at org.hibernate.tool.schema.internal.AbstractSchemaMigrator.applyForeignKeys(AbstractSchemaMigrator.java:448) ~[hibernate-core-6.6.39.Final.jar:6.6.39.Final]
	at org.hibernate.tool.schema.internal.AbstractSchemaMigrator.performMigration(AbstractSchemaMigrator.java:269) ~[hibernate-core-6.6.39.Final.jar:6.6.39.Final]
	at org.hibernate.tool.schema.internal.AbstractSchemaMigrator.doMigration(AbstractSchemaMigrator.java:112) ~[hibernate-core-6.6.39.Final.jar:6.6.39.Final]
	at org.hibernate.tool.schema.spi.SchemaManagementToolCoordinator.performDatabaseAction(SchemaManagementToolCoordinator.java:280) ~[hibernate-core-6.6.39.Final.jar:6.6.39.Final]
	at org.hibernate.tool.schema.spi.SchemaManagementToolCoordinator.lambda$process$5(SchemaManagementToolCoordinator.java:144) ~[hibernate-core-6.6.39.Final.jar:6.6.39.Final]
	at java.base/java.util.HashMap.forEach(HashMap.java:1421) ~[na:na]
	at org.hibernate.tool.schema.spi.SchemaManagementToolCoordinator.process(SchemaManagementToolCoordinator.java:141) ~[hibernate-core-6.6.39.Final.jar:6.6.39.Final]
	at org.hibernate.boot.internal.SessionFactoryObserverForSchemaExport.sessionFactoryCreated(SessionFactoryObserverForSchemaExport.java:37) ~[hibernate-core-6.6.39.Final.jar:6.6.39.Final]
	at org.hibernate.internal.SessionFactoryObserverChain.sessionFactoryCreated(SessionFactoryObserverChain.java:35) ~[hibernate-core-6.6.39.Final.jar:6.6.39.Final]
	at org.hibernate.internal.SessionFactoryImpl.<init>(SessionFactoryImpl.java:324) ~[hibernate-core-6.6.39.Final.jar:6.6.39.Final]
	at org.hibernate.boot.internal.SessionFactoryBuilderImpl.build(SessionFactoryBuilderImpl.java:463) ~[hibernate-core-6.6.39.Final.jar:6.6.39.Final]
	at org.hibernate.jpa.boot.internal.EntityManagerFactoryBuilderImpl.build(EntityManagerFactoryBuilderImpl.java:1517) ~[hibernate-core-6.6.39.Final.jar:6.6.39.Final]
	at org.springframework.orm.jpa.vendor.SpringHibernateJpaPersistenceProvider.createContainerEntityManagerFactory(SpringHibernateJpaPersistenceProvider.java:66) ~[spring-orm-6.2.15.jar:6.2.15]
	at org.springframework.orm.jpa.LocalContainerEntityManagerFactoryBean.createNativeEntityManagerFactory(LocalContainerEntityManagerFactoryBean.java:390) ~[spring-orm-6.2.15.jar:6.2.15]
	at org.springframework.orm.jpa.AbstractEntityManagerFactoryBean.buildNativeEntityManagerFactory(AbstractEntityManagerFactoryBean.java:419) ~[spring-orm-6.2.15.jar:6.2.15]
	at org.springframework.orm.jpa.AbstractEntityManagerFactoryBean.afterPropertiesSet(AbstractEntityManagerFactoryBean.java:400) ~[spring-orm-6.2.15.jar:6.2.15]
	at org.springframework.orm.jpa.LocalContainerEntityManagerFactoryBean.afterPropertiesSet(LocalContainerEntityManagerFactoryBean.java:366) ~[spring-orm-6.2.15.jar:6.2.15]
	at org.springframework.beans.factory.support.AbstractAutowireCapableBeanFactory.invokeInitMethods(AbstractAutowireCapableBeanFactory.java:1873) ~[spring-beans-6.2.15.jar:6.2.15]
	at org.springframework.beans.factory.support.AbstractAutowireCapableBeanFactory.initializeBean(AbstractAutowireCapableBeanFactory.java:1822) ~[spring-beans-6.2.15.jar:6.2.15]
	at org.springframework.beans.factory.support.AbstractAutowireCapableBeanFactory.doCreateBean(AbstractAutowireCapableBeanFactory.java:607) ~[spring-beans-6.2.15.jar:6.2.15]
	at org.springframework.beans.factory.support.AbstractAutowireCapableBeanFactory.createBean(AbstractAutowireCapableBeanFactory.java:529) ~[spring-beans-6.2.15.jar:6.2.15]
	at org.springframework.beans.factory.support.AbstractBeanFactory.lambda$doGetBean$0(AbstractBeanFactory.java:339) ~[spring-beans-6.2.15.jar:6.2.15]
	at org.springframework.beans.factory.support.DefaultSingletonBeanRegistry.getSingleton(DefaultSingletonBeanRegistry.java:373) ~[spring-beans-6.2.15.jar:6.2.15]
	at org.springframework.beans.factory.support.AbstractBeanFactory.doGetBean(AbstractBeanFactory.java:337) ~[spring-beans-6.2.15.jar:6.2.15]
	at org.springframework.beans.factory.support.AbstractBeanFactory.getBean(AbstractBeanFactory.java:202) ~[spring-beans-6.2.15.jar:6.2.15]
	at org.springframework.beans.factory.support.BeanDefinitionValueResolver.resolveReference(BeanDefinitionValueResolver.java:365) ~[spring-beans-6.2.15.jar:6.2.15]
	at org.springframework.beans.factory.support.BeanDefinitionValueResolver.resolveValueIfNecessary(BeanDefinitionValueResolver.java:135) ~[spring-beans-6.2.15.jar:6.2.15]
	at org.springframework.beans.factory.support.ConstructorResolver.resolveConstructorArguments(ConstructorResolver.java:691) ~[spring-beans-6.2.15.jar:6.2.15]
	at org.springframework.beans.factory.support.ConstructorResolver.instantiateUsingFactoryMethod(ConstructorResolver.java:513) ~[spring-beans-6.2.15.jar:6.2.15]
	at org.springframework.beans.factory.support.AbstractAutowireCapableBeanFactory.instantiateUsingFactoryMethod(AbstractAutowireCapableBeanFactory.java:1375) ~[spring-beans-6.2.15.jar:6.2.15]
	at org.springframework.beans.factory.support.AbstractAutowireCapableBeanFactory.createBeanInstance(AbstractAutowireCapableBeanFactory.java:1205) ~[spring-beans-6.2.15.jar:6.2.15]
	at org.springframework.beans.factory.support.AbstractAutowireCapableBeanFactory.doCreateBean(AbstractAutowireCapableBeanFactory.java:569) ~[spring-beans-6.2.15.jar:6.2.15]
	at org.springframework.beans.factory.support.AbstractAutowireCapableBeanFactory.createBean(AbstractAutowireCapableBeanFactory.java:529) ~[spring-beans-6.2.15.jar:6.2.15]
	at org.springframework.beans.factory.support.AbstractBeanFactory.lambda$doGetBean$0(AbstractBeanFactory.java:339) ~[spring-beans-6.2.15.jar:6.2.15]
	at org.springframework.beans.factory.support.DefaultSingletonBeanRegistry.getSingleton(DefaultSingletonBeanRegistry.java:373) ~[spring-beans-6.2.15.jar:6.2.15]
	at org.springframework.beans.factory.support.AbstractBeanFactory.doGetBean(AbstractBeanFactory.java:337) ~[spring-beans-6.2.15.jar:6.2.15]
	at org.springframework.beans.factory.support.AbstractBeanFactory.getBean(AbstractBeanFactory.java:202) ~[spring-beans-6.2.15.jar:6.2.15]
	at org.springframework.beans.factory.support.BeanDefinitionValueResolver.resolveReference(BeanDefinitionValueResolver.java:365) ~[spring-beans-6.2.15.jar:6.2.15]
	at org.springframework.beans.factory.support.BeanDefinitionValueResolver.resolveValueIfNecessary(BeanDefinitionValueResolver.java:135) ~[spring-beans-6.2.15.jar:6.2.15]
	at org.springframework.beans.factory.support.AbstractAutowireCapableBeanFactory.applyPropertyValues(AbstractAutowireCapableBeanFactory.java:1725) ~[spring-beans-6.2.15.jar:6.2.15]
	at org.springframework.beans.factory.support.AbstractAutowireCapableBeanFactory.populateBean(AbstractAutowireCapableBeanFactory.java:1474) ~[spring-beans-6.2.15.jar:6.2.15]
	at org.springframework.beans.factory.support.AbstractAutowireCapableBeanFactory.doCreateBean(AbstractAutowireCapableBeanFactory.java:606) ~[spring-beans-6.2.15.jar:6.2.15]
	at org.springframework.beans.factory.support.AbstractAutowireCapableBeanFactory.createBean(AbstractAutowireCapableBeanFactory.java:529) ~[spring-beans-6.2.15.jar:6.2.15]
	at org.springframework.beans.factory.support.AbstractBeanFactory.lambda$doGetBean$0(AbstractBeanFactory.java:339) ~[spring-beans-6.2.15.jar:6.2.15]
	at org.springframework.beans.factory.support.DefaultSingletonBeanRegistry.getSingleton(DefaultSingletonBeanRegistry.java:373) ~[spring-beans-6.2.15.jar:6.2.15]
	at org.springframework.beans.factory.support.AbstractBeanFactory.doGetBean(AbstractBeanFactory.java:337) ~[spring-beans-6.2.15.jar:6.2.15]
	at org.springframework.beans.factory.support.AbstractBeanFactory.getBean(AbstractBeanFactory.java:202) ~[spring-beans-6.2.15.jar:6.2.15]
	at org.springframework.beans.factory.support.DefaultListableBeanFactory.doResolveDependency(DefaultListableBeanFactory.java:1708) ~[spring-beans-6.2.15.jar:6.2.15]
	at org.springframework.beans.factory.support.DefaultListableBeanFactory.resolveDependency(DefaultListableBeanFactory.java:1653) ~[spring-beans-6.2.15.jar:6.2.15]
	at org.springframework.beans.factory.support.ConstructorResolver.resolveAutowiredArgument(ConstructorResolver.java:913) ~[spring-beans-6.2.15.jar:6.2.15]
	at org.springframework.beans.factory.support.ConstructorResolver.createArgumentArray(ConstructorResolver.java:791) ~[spring-beans-6.2.15.jar:6.2.15]
	at org.springframework.beans.factory.support.ConstructorResolver.autowireConstructor(ConstructorResolver.java:240) ~[spring-beans-6.2.15.jar:6.2.15]
	at org.springframework.beans.factory.support.AbstractAutowireCapableBeanFactory.autowireConstructor(AbstractAutowireCapableBeanFactory.java:1395) ~[spring-beans-6.2.15.jar:6.2.15]
	at org.springframework.beans.factory.support.AbstractAutowireCapableBeanFactory.createBeanInstance(AbstractAutowireCapableBeanFactory.java:1232) ~[spring-beans-6.2.15.jar:6.2.15]
	at org.springframework.beans.factory.support.AbstractAutowireCapableBeanFactory.doCreateBean(AbstractAutowireCapableBeanFactory.java:569) ~[spring-beans-6.2.15.jar:6.2.15]
	at org.springframework.beans.factory.support.AbstractAutowireCapableBeanFactory.createBean(AbstractAutowireCapableBeanFactory.java:529) ~[spring-beans-6.2.15.jar:6.2.15]
	at org.springframework.beans.factory.support.AbstractBeanFactory.lambda$doGetBean$0(AbstractBeanFactory.java:339) ~[spring-beans-6.2.15.jar:6.2.15]
	at org.springframework.beans.factory.support.DefaultSingletonBeanRegistry.getSingleton(DefaultSingletonBeanRegistry.java:373) ~[spring-beans-6.2.15.jar:6.2.15]
	at org.springframework.beans.factory.support.AbstractBeanFactory.doGetBean(AbstractBeanFactory.java:337) ~[spring-beans-6.2.15.jar:6.2.15]
	at org.springframework.beans.factory.support.AbstractBeanFactory.getBean(AbstractBeanFactory.java:202) ~[spring-beans-6.2.15.jar:6.2.15]
	at org.springframework.beans.factory.config.DependencyDescriptor.resolveCandidate(DependencyDescriptor.java:254) ~[spring-beans-6.2.15.jar:6.2.15]
	at org.springframework.beans.factory.support.DefaultListableBeanFactory.doResolveDependency(DefaultListableBeanFactory.java:1770) ~[spring-beans-6.2.15.jar:6.2.15]
	at org.springframework.beans.factory.support.DefaultListableBeanFactory.resolveDependency(DefaultListableBeanFactory.java:1653) ~[spring-beans-6.2.15.jar:6.2.15]
	at org.springframework.beans.factory.support.ConstructorResolver.resolveAutowiredArgument(ConstructorResolver.java:913) ~[spring-beans-6.2.15.jar:6.2.15]
	at org.springframework.beans.factory.support.ConstructorResolver.createArgumentArray(ConstructorResolver.java:791) ~[spring-beans-6.2.15.jar:6.2.15]
	at org.springframework.beans.factory.support.ConstructorResolver.autowireConstructor(ConstructorResolver.java:240) ~[spring-beans-6.2.15.jar:6.2.15]
	at org.springframework.beans.factory.support.AbstractAutowireCapableBeanFactory.autowireConstructor(AbstractAutowireCapableBeanFactory.java:1395) ~[spring-beans-6.2.15.jar:6.2.15]
	at org.springframework.beans.factory.support.AbstractAutowireCapableBeanFactory.createBeanInstance(AbstractAutowireCapableBeanFactory.java:1232) ~[spring-beans-6.2.15.jar:6.2.15]
	at org.springframework.beans.factory.support.AbstractAutowireCapableBeanFactory.doCreateBean(AbstractAutowireCapableBeanFactory.java:569) ~[spring-beans-6.2.15.jar:6.2.15]
	at org.springframework.beans.factory.support.AbstractAutowireCapableBeanFactory.createBean(AbstractAutowireCapableBeanFactory.java:529) ~[spring-beans-6.2.15.jar:6.2.15]
	at org.springframework.beans.factory.support.AbstractBeanFactory.lambda$doGetBean$0(AbstractBeanFactory.java:339) ~[spring-beans-6.2.15.jar:6.2.15]
	at org.springframework.beans.factory.support.DefaultSingletonBeanRegistry.getSingleton(DefaultSingletonBeanRegistry.java:373) ~[spring-beans-6.2.15.jar:6.2.15]
	at org.springframework.beans.factory.support.AbstractBeanFactory.doGetBean(AbstractBeanFactory.java:337) ~[spring-beans-6.2.15.jar:6.2.15]
	at org.springframework.beans.factory.support.AbstractBeanFactory.getBean(AbstractBeanFactory.java:207) ~[spring-beans-6.2.15.jar:6.2.15]
	at org.springframework.boot.web.servlet.ServletContextInitializerBeans.getOrderedBeansOfType(ServletContextInitializerBeans.java:230) ~[spring-boot-3.5.9.jar:3.5.9]
	at org.springframework.boot.web.servlet.ServletContextInitializerBeans.addAsRegistrationBean(ServletContextInitializerBeans.java:184) ~[spring-boot-3.5.9.jar:3.5.9]
	at org.springframework.boot.web.servlet.ServletContextInitializerBeans.addAsRegistrationBean(ServletContextInitializerBeans.java:179) ~[spring-boot-3.5.9.jar:3.5.9]
	at org.springframework.boot.web.servlet.ServletContextInitializerBeans.addAdaptableBeans(ServletContextInitializerBeans.java:164) ~[spring-boot-3.5.9.jar:3.5.9]
	at org.springframework.boot.web.servlet.ServletContextInitializerBeans.<init>(ServletContextInitializerBeans.java:96) ~[spring-boot-3.5.9.jar:3.5.9]
	at org.springframework.boot.web.servlet.context.ServletWebServerApplicationContext.getServletContextInitializerBeans(ServletWebServerApplicationContext.java:271) ~[spring-boot-3.5.9.jar:3.5.9]
	at org.springframework.boot.web.servlet.context.ServletWebServerApplicationContext.selfInitialize(ServletWebServerApplicationContext.java:245) ~[spring-boot-3.5.9.jar:3.5.9]
	at org.springframework.boot.web.embedded.tomcat.TomcatStarter.onStartup(TomcatStarter.java:52) ~[spring-boot-3.5.9.jar:3.5.9]
	at org.apache.catalina.core.StandardContext.startInternal(StandardContext.java:4452) ~[tomcat-embed-core-10.1.50.jar:10.1.50]
	at org.apache.catalina.util.LifecycleBase.start(LifecycleBase.java:164) ~[tomcat-embed-core-10.1.50.jar:10.1.50]
	at org.apache.catalina.core.ContainerBase$StartChild.call(ContainerBase.java:1201) ~[tomcat-embed-core-10.1.50.jar:10.1.50]
	at org.apache.catalina.core.ContainerBase$StartChild.call(ContainerBase.java:1191) ~[tomcat-embed-core-10.1.50.jar:10.1.50]
	at java.base/java.util.concurrent.FutureTask.run(FutureTask.java:264) ~[na:na]
	at org.apache.tomcat.util.threads.InlineExecutorService.execute(InlineExecutorService.java:81) ~[tomcat-embed-core-10.1.50.jar:10.1.50]
	at java.base/java.util.concurrent.AbstractExecutorService.submit(AbstractExecutorService.java:145) ~[na:na]
	at org.apache.catalina.core.ContainerBase.startInternal(ContainerBase.java:747) ~[tomcat-embed-core-10.1.50.jar:10.1.50]
	at org.apache.catalina.core.StandardHost.startInternal(StandardHost.java:783) ~[tomcat-embed-core-10.1.50.jar:10.1.50]
	at org.apache.catalina.util.LifecycleBase.start(LifecycleBase.java:164) ~[tomcat-embed-core-10.1.50.jar:10.1.50]
	at org.apache.catalina.core.ContainerBase$StartChild.call(ContainerBase.java:1201) ~[tomcat-embed-core-10.1.50.jar:10.1.50]
	at org.apache.catalina.core.ContainerBase$StartChild.call(ContainerBase.java:1191) ~[tomcat-embed-core-10.1.50.jar:10.1.50]
	at java.base/java.util.concurrent.FutureTask.run(FutureTask.java:264) ~[na:na]
	at org.apache.tomcat.util.threads.InlineExecutorService.execute(InlineExecutorService.java:81) ~[tomcat-embed-core-10.1.50.jar:10.1.50]
	at java.base/java.util.concurrent.AbstractExecutorService.submit(AbstractExecutorService.java:145) ~[na:na]
	at org.apache.catalina.core.ContainerBase.startInternal(ContainerBase.java:747) ~[tomcat-embed-core-10.1.50.jar:10.1.50]
	at org.apache.catalina.core.StandardEngine.startInternal(StandardEngine.java:201) ~[tomcat-embed-core-10.1.50.jar:10.1.50]
	at org.apache.catalina.util.LifecycleBase.start(LifecycleBase.java:164) ~[tomcat-embed-core-10.1.50.jar:10.1.50]
	at org.apache.catalina.core.StandardService.startInternal(StandardService.java:410) ~[tomcat-embed-core-10.1.50.jar:10.1.50]
	at org.apache.catalina.util.LifecycleBase.start(LifecycleBase.java:164) ~[tomcat-embed-core-10.1.50.jar:10.1.50]
	at org.apache.catalina.core.StandardServer.startInternal(StandardServer.java:868) ~[tomcat-embed-core-10.1.50.jar:10.1.50]
	at org.apache.catalina.util.LifecycleBase.start(LifecycleBase.java:164) ~[tomcat-embed-core-10.1.50.jar:10.1.50]
	at org.apache.catalina.startup.Tomcat.start(Tomcat.java:436) ~[tomcat-embed-core-10.1.50.jar:10.1.50]
	at org.springframework.boot.web.embedded.tomcat.TomcatWebServer.initialize(TomcatWebServer.java:128) ~[spring-boot-3.5.9.jar:3.5.9]
	at org.springframework.boot.web.embedded.tomcat.TomcatWebServer.<init>(TomcatWebServer.java:107) ~[spring-boot-3.5.9.jar:3.5.9]
	at org.springframework.boot.web.embedded.tomcat.TomcatServletWebServerFactory.getTomcatWebServer(TomcatServletWebServerFactory.java:517) ~[spring-boot-3.5.9.jar:3.5.9]
	at org.springframework.boot.web.embedded.tomcat.TomcatServletWebServerFactory.getWebServer(TomcatServletWebServerFactory.java:219) ~[spring-boot-3.5.9.jar:3.5.9]
	at org.springframework.boot.web.servlet.context.ServletWebServerApplicationContext.createWebServer(ServletWebServerApplicationContext.java:193) ~[spring-boot-3.5.9.jar:3.5.9]
	at org.springframework.boot.web.servlet.context.ServletWebServerApplicationContext.onRefresh(ServletWebServerApplicationContext.java:167) ~[spring-boot-3.5.9.jar:3.5.9]
	at org.springframework.context.support.AbstractApplicationContext.refresh(AbstractApplicationContext.java:621) ~[spring-context-6.2.15.jar:6.2.15]
	at org.springframework.boot.web.servlet.context.ServletWebServerApplicationContext.refresh(ServletWebServerApplicationContext.java:146) ~[spring-boot-3.5.9.jar:3.5.9]
	at org.springframework.boot.SpringApplication.refresh(SpringApplication.java:752) ~[spring-boot-3.5.9.jar:3.5.9]
	at org.springframework.boot.SpringApplication.refreshContext(SpringApplication.java:439) ~[spring-boot-3.5.9.jar:3.5.9]
	at org.springframework.boot.SpringApplication.run(SpringApplication.java:318) ~[spring-boot-3.5.9.jar:3.5.9]
	at org.springframework.boot.SpringApplication.run(SpringApplication.java:1361) ~[spring-boot-3.5.9.jar:3.5.9]
	at org.springframework.boot.SpringApplication.run(SpringApplication.java:1350) ~[spring-boot-3.5.9.jar:3.5.9]
	at com.spa.backend.SpaBackendApplication.main(SpaBackendApplication.java:12) ~[classes/:na]
Caused by: org.postgresql.util.PSQLException: ERROR: insert or update on table "quote_services" violates foreign key constraint "fkmtgtwy0q1jgonrfy0juynclpn"
  Detail: Key (id_service)=(7) is not present in table "services".
	at org.postgresql.core.v3.QueryExecutorImpl.receiveErrorResponse(QueryExecutorImpl.java:2725) ~[postgresql-42.7.3.jar:42.7.3]
	at org.postgresql.core.v3.QueryExecutorImpl.processResults(QueryExecutorImpl.java:2412) ~[postgresql-42.7.3.jar:42.7.3]
	at org.postgresql.core.v3.QueryExecutorImpl.execute(QueryExecutorImpl.java:371) ~[postgresql-42.7.3.jar:42.7.3]
	at org.postgresql.jdbc.PgStatement.executeInternal(PgStatement.java:502) ~[postgresql-42.7.3.jar:42.7.3]
	at org.postgresql.jdbc.PgStatement.execute(PgStatement.java:419) ~[postgresql-42.7.3.jar:42.7.3]
	at org.postgresql.jdbc.PgStatement.executeWithFlags(PgStatement.java:341) ~[postgresql-42.7.3.jar:42.7.3]
	at org.postgresql.jdbc.PgStatement.executeCachedSql(PgStatement.java:326) ~[postgresql-42.7.3.jar:42.7.3]
	at org.postgresql.jdbc.PgStatement.executeWithFlags(PgStatement.java:302) ~[postgresql-42.7.3.jar:42.7.3]
	at org.postgresql.jdbc.PgStatement.execute(PgStatement.java:297) ~[postgresql-42.7.3.jar:42.7.3]
	at com.zaxxer.hikari.pool.ProxyStatement.execute(ProxyStatement.java:95) ~[HikariCP-6.3.3.jar:na]
	at com.zaxxer.hikari.pool.HikariProxyStatement.execute(HikariProxyStatement.java) ~[HikariCP-6.3.3.jar:na]
	at org.hibernate.tool.schema.internal.exec.GenerationTargetToDatabase.accept(GenerationTargetToDatabase.java:80) ~[hibernate-core-6.6.39.Final.jar:6.6.39.Final]
	... 121 common frames omitted

2026-03-02T15:38:23.214-05:00  WARN 19364 --- [backend] [main] o.h.t.s.i.ExceptionHandlerLoggedImpl     : GenerationTarget encountered exception accepting command : Error executing DDL "alter table if exists quote_services add constraint FKuj8twvrewevkgjs6m1rrki5m foreign key (id_quote) references quotes" via JDBC [ERROR: insert or update on table "quote_services" violates foreign key constraint "fkuj8twvrewevkgjs6m1rrki5m"
  Detail: Key (id_quote)=(3) is not present in table "quotes".]

org.hibernate.tool.schema.spi.CommandAcceptanceException: Error executing DDL "alter table if exists quote_services add constraint FKuj8twvrewevkgjs6m1rrki5m foreign key (id_quote) references quotes" via JDBC [ERROR: insert or update on table "quote_services" violates foreign key constraint "fkuj8twvrewevkgjs6m1rrki5m"
  Detail: Key (id_quote)=(3) is not present in table "quotes".]
	at org.hibernate.tool.schema.internal.exec.GenerationTargetToDatabase.accept(GenerationTargetToDatabase.java:94) ~[hibernate-core-6.6.39.Final.jar:6.6.39.Final]
	at org.hibernate.tool.schema.internal.AbstractSchemaMigrator.applySqlString(AbstractSchemaMigrator.java:576) ~[hibernate-core-6.6.39.Final.jar:6.6.39.Final]
	at org.hibernate.tool.schema.internal.AbstractSchemaMigrator.applySqlStrings(AbstractSchemaMigrator.java:516) ~[hibernate-core-6.6.39.Final.jar:6.6.39.Final]
	at org.hibernate.tool.schema.internal.AbstractSchemaMigrator.applyForeignKeys(AbstractSchemaMigrator.java:448) ~[hibernate-core-6.6.39.Final.jar:6.6.39.Final]
	at org.hibernate.tool.schema.internal.AbstractSchemaMigrator.performMigration(AbstractSchemaMigrator.java:269) ~[hibernate-core-6.6.39.Final.jar:6.6.39.Final]
	at org.hibernate.tool.schema.internal.AbstractSchemaMigrator.doMigration(AbstractSchemaMigrator.java:112) ~[hibernate-core-6.6.39.Final.jar:6.6.39.Final]
	at org.hibernate.tool.schema.spi.SchemaManagementToolCoordinator.performDatabaseAction(SchemaManagementToolCoordinator.java:280) ~[hibernate-core-6.6.39.Final.jar:6.6.39.Final]
	at org.hibernate.tool.schema.spi.SchemaManagementToolCoordinator.lambda$process$5(SchemaManagementToolCoordinator.java:144) ~[hibernate-core-6.6.39.Final.jar:6.6.39.Final]
	at java.base/java.util.HashMap.forEach(HashMap.java:1421) ~[na:na]
	at org.hibernate.tool.schema.spi.SchemaManagementToolCoordinator.process(SchemaManagementToolCoordinator.java:141) ~[hibernate-core-6.6.39.Final.jar:6.6.39.Final]
	at org.hibernate.boot.internal.SessionFactoryObserverForSchemaExport.sessionFactoryCreated(SessionFactoryObserverForSchemaExport.java:37) ~[hibernate-core-6.6.39.Final.jar:6.6.39.Final]
	at org.hibernate.internal.SessionFactoryObserverChain.sessionFactoryCreated(SessionFactoryObserverChain.java:35) ~[hibernate-core-6.6.39.Final.jar:6.6.39.Final]
	at org.hibernate.internal.SessionFactoryImpl.<init>(SessionFactoryImpl.java:324) ~[hibernate-core-6.6.39.Final.jar:6.6.39.Final]
	at org.hibernate.boot.internal.SessionFactoryBuilderImpl.build(SessionFactoryBuilderImpl.java:463) ~[hibernate-core-6.6.39.Final.jar:6.6.39.Final]
	at org.hibernate.jpa.boot.internal.EntityManagerFactoryBuilderImpl.build(EntityManagerFactoryBuilderImpl.java:1517) ~[hibernate-core-6.6.39.Final.jar:6.6.39.Final]
	at org.springframework.orm.jpa.vendor.SpringHibernateJpaPersistenceProvider.createContainerEntityManagerFactory(SpringHibernateJpaPersistenceProvider.java:66) ~[spring-orm-6.2.15.jar:6.2.15]
	at org.springframework.orm.jpa.LocalContainerEntityManagerFactoryBean.createNativeEntityManagerFactory(LocalContainerEntityManagerFactoryBean.java:390) ~[spring-orm-6.2.15.jar:6.2.15]
	at org.springframework.orm.jpa.AbstractEntityManagerFactoryBean.buildNativeEntityManagerFactory(AbstractEntityManagerFactoryBean.java:419) ~[spring-orm-6.2.15.jar:6.2.15]
	at org.springframework.orm.jpa.AbstractEntityManagerFactoryBean.afterPropertiesSet(AbstractEntityManagerFactoryBean.java:400) ~[spring-orm-6.2.15.jar:6.2.15]
	at org.springframework.orm.jpa.LocalContainerEntityManagerFactoryBean.afterPropertiesSet(LocalContainerEntityManagerFactoryBean.java:366) ~[spring-orm-6.2.15.jar:6.2.15]
	at org.springframework.beans.factory.support.AbstractAutowireCapableBeanFactory.invokeInitMethods(AbstractAutowireCapableBeanFactory.java:1873) ~[spring-beans-6.2.15.jar:6.2.15]
	at org.springframework.beans.factory.support.AbstractAutowireCapableBeanFactory.initializeBean(AbstractAutowireCapableBeanFactory.java:1822) ~[spring-beans-6.2.15.jar:6.2.15]
	at org.springframework.beans.factory.support.AbstractAutowireCapableBeanFactory.doCreateBean(AbstractAutowireCapableBeanFactory.java:607) ~[spring-beans-6.2.15.jar:6.2.15]
	at org.springframework.beans.factory.support.AbstractAutowireCapableBeanFactory.createBean(AbstractAutowireCapableBeanFactory.java:529) ~[spring-beans-6.2.15.jar:6.2.15]
	at org.springframework.beans.factory.support.AbstractBeanFactory.lambda$doGetBean$0(AbstractBeanFactory.java:339) ~[spring-beans-6.2.15.jar:6.2.15]
	at org.springframework.beans.factory.support.DefaultSingletonBeanRegistry.getSingleton(DefaultSingletonBeanRegistry.java:373) ~[spring-beans-6.2.15.jar:6.2.15]
	at org.springframework.beans.factory.support.AbstractBeanFactory.doGetBean(AbstractBeanFactory.java:337) ~[spring-beans-6.2.15.jar:6.2.15]
	at org.springframework.beans.factory.support.AbstractBeanFactory.getBean(AbstractBeanFactory.java:202) ~[spring-beans-6.2.15.jar:6.2.15]
	at org.springframework.beans.factory.support.BeanDefinitionValueResolver.resolveReference(BeanDefinitionValueResolver.java:365) ~[spring-beans-6.2.15.jar:6.2.15]
	at org.springframework.beans.factory.support.BeanDefinitionValueResolver.resolveValueIfNecessary(BeanDefinitionValueResolver.java:135) ~[spring-beans-6.2.15.jar:6.2.15]
	at org.springframework.beans.factory.support.ConstructorResolver.resolveConstructorArguments(ConstructorResolver.java:691) ~[spring-beans-6.2.15.jar:6.2.15]
	at org.springframework.beans.factory.support.ConstructorResolver.instantiateUsingFactoryMethod(ConstructorResolver.java:513) ~[spring-beans-6.2.15.jar:6.2.15]
	at org.springframework.beans.factory.support.AbstractAutowireCapableBeanFactory.instantiateUsingFactoryMethod(AbstractAutowireCapableBeanFactory.java:1375) ~[spring-beans-6.2.15.jar:6.2.15]
	at org.springframework.beans.factory.support.AbstractAutowireCapableBeanFactory.createBeanInstance(AbstractAutowireCapableBeanFactory.java:1205) ~[spring-beans-6.2.15.jar:6.2.15]
	at org.springframework.beans.factory.support.AbstractAutowireCapableBeanFactory.doCreateBean(AbstractAutowireCapableBeanFactory.java:569) ~[spring-beans-6.2.15.jar:6.2.15]
	at org.springframework.beans.factory.support.AbstractAutowireCapableBeanFactory.createBean(AbstractAutowireCapableBeanFactory.java:529) ~[spring-beans-6.2.15.jar:6.2.15]
	at org.springframework.beans.factory.support.AbstractBeanFactory.lambda$doGetBean$0(AbstractBeanFactory.java:339) ~[spring-beans-6.2.15.jar:6.2.15]
	at org.springframework.beans.factory.support.DefaultSingletonBeanRegistry.getSingleton(DefaultSingletonBeanRegistry.java:373) ~[spring-beans-6.2.15.jar:6.2.15]
	at org.springframework.beans.factory.support.AbstractBeanFactory.doGetBean(AbstractBeanFactory.java:337) ~[spring-beans-6.2.15.jar:6.2.15]
	at org.springframework.beans.factory.support.AbstractBeanFactory.getBean(AbstractBeanFactory.java:202) ~[spring-beans-6.2.15.jar:6.2.15]
	at org.springframework.beans.factory.support.BeanDefinitionValueResolver.resolveReference(BeanDefinitionValueResolver.java:365) ~[spring-beans-6.2.15.jar:6.2.15]
	at org.springframework.beans.factory.support.BeanDefinitionValueResolver.resolveValueIfNecessary(BeanDefinitionValueResolver.java:135) ~[spring-beans-6.2.15.jar:6.2.15]
	at org.springframework.beans.factory.support.AbstractAutowireCapableBeanFactory.applyPropertyValues(AbstractAutowireCapableBeanFactory.java:1725) ~[spring-beans-6.2.15.jar:6.2.15]
	at org.springframework.beans.factory.support.AbstractAutowireCapableBeanFactory.populateBean(AbstractAutowireCapableBeanFactory.java:1474) ~[spring-beans-6.2.15.jar:6.2.15]
	at org.springframework.beans.factory.support.AbstractAutowireCapableBeanFactory.doCreateBean(AbstractAutowireCapableBeanFactory.java:606) ~[spring-beans-6.2.15.jar:6.2.15]
	at org.springframework.beans.factory.support.AbstractAutowireCapableBeanFactory.createBean(AbstractAutowireCapableBeanFactory.java:529) ~[spring-beans-6.2.15.jar:6.2.15]
	at org.springframework.beans.factory.support.AbstractBeanFactory.lambda$doGetBean$0(AbstractBeanFactory.java:339) ~[spring-beans-6.2.15.jar:6.2.15]
	at org.springframework.beans.factory.support.DefaultSingletonBeanRegistry.getSingleton(DefaultSingletonBeanRegistry.java:373) ~[spring-beans-6.2.15.jar:6.2.15]
	at org.springframework.beans.factory.support.AbstractBeanFactory.doGetBean(AbstractBeanFactory.java:337) ~[spring-beans-6.2.15.jar:6.2.15]
	at org.springframework.beans.factory.support.AbstractBeanFactory.getBean(AbstractBeanFactory.java:202) ~[spring-beans-6.2.15.jar:6.2.15]
	at org.springframework.beans.factory.support.DefaultListableBeanFactory.doResolveDependency(DefaultListableBeanFactory.java:1708) ~[spring-beans-6.2.15.jar:6.2.15]
	at org.springframework.beans.factory.support.DefaultListableBeanFactory.resolveDependency(DefaultListableBeanFactory.java:1653) ~[spring-beans-6.2.15.jar:6.2.15]
	at org.springframework.beans.factory.support.ConstructorResolver.resolveAutowiredArgument(ConstructorResolver.java:913) ~[spring-beans-6.2.15.jar:6.2.15]
	at org.springframework.beans.factory.support.ConstructorResolver.createArgumentArray(ConstructorResolver.java:791) ~[spring-beans-6.2.15.jar:6.2.15]
	at org.springframework.beans.factory.support.ConstructorResolver.autowireConstructor(ConstructorResolver.java:240) ~[spring-beans-6.2.15.jar:6.2.15]
	at org.springframework.beans.factory.support.AbstractAutowireCapableBeanFactory.autowireConstructor(AbstractAutowireCapableBeanFactory.java:1395) ~[spring-beans-6.2.15.jar:6.2.15]
	at org.springframework.beans.factory.support.AbstractAutowireCapableBeanFactory.createBeanInstance(AbstractAutowireCapableBeanFactory.java:1232) ~[spring-beans-6.2.15.jar:6.2.15]
	at org.springframework.beans.factory.support.AbstractAutowireCapableBeanFactory.doCreateBean(AbstractAutowireCapableBeanFactory.java:569) ~[spring-beans-6.2.15.jar:6.2.15]
	at org.springframework.beans.factory.support.AbstractAutowireCapableBeanFactory.createBean(AbstractAutowireCapableBeanFactory.java:529) ~[spring-beans-6.2.15.jar:6.2.15]
	at org.springframework.beans.factory.support.AbstractBeanFactory.lambda$doGetBean$0(AbstractBeanFactory.java:339) ~[spring-beans-6.2.15.jar:6.2.15]
	at org.springframework.beans.factory.support.DefaultSingletonBeanRegistry.getSingleton(DefaultSingletonBeanRegistry.java:373) ~[spring-beans-6.2.15.jar:6.2.15]
	at org.springframework.beans.factory.support.AbstractBeanFactory.doGetBean(AbstractBeanFactory.java:337) ~[spring-beans-6.2.15.jar:6.2.15]
	at org.springframework.beans.factory.support.AbstractBeanFactory.getBean(AbstractBeanFactory.java:202) ~[spring-beans-6.2.15.jar:6.2.15]
	at org.springframework.beans.factory.config.DependencyDescriptor.resolveCandidate(DependencyDescriptor.java:254) ~[spring-beans-6.2.15.jar:6.2.15]
	at org.springframework.beans.factory.support.DefaultListableBeanFactory.doResolveDependency(DefaultListableBeanFactory.java:1770) ~[spring-beans-6.2.15.jar:6.2.15]
	at org.springframework.beans.factory.support.DefaultListableBeanFactory.resolveDependency(DefaultListableBeanFactory.java:1653) ~[spring-beans-6.2.15.jar:6.2.15]
	at org.springframework.beans.factory.support.ConstructorResolver.resolveAutowiredArgument(ConstructorResolver.java:913) ~[spring-beans-6.2.15.jar:6.2.15]
	at org.springframework.beans.factory.support.ConstructorResolver.createArgumentArray(ConstructorResolver.java:791) ~[spring-beans-6.2.15.jar:6.2.15]
	at org.springframework.beans.factory.support.ConstructorResolver.autowireConstructor(ConstructorResolver.java:240) ~[spring-beans-6.2.15.jar:6.2.15]
	at org.springframework.beans.factory.support.AbstractAutowireCapableBeanFactory.autowireConstructor(AbstractAutowireCapableBeanFactory.java:1395) ~[spring-beans-6.2.15.jar:6.2.15]
	at org.springframework.beans.factory.support.AbstractAutowireCapableBeanFactory.createBeanInstance(AbstractAutowireCapableBeanFactory.java:1232) ~[spring-beans-6.2.15.jar:6.2.15]
	at org.springframework.beans.factory.support.AbstractAutowireCapableBeanFactory.doCreateBean(AbstractAutowireCapableBeanFactory.java:569) ~[spring-beans-6.2.15.jar:6.2.15]
	at org.springframework.beans.factory.support.AbstractAutowireCapableBeanFactory.createBean(AbstractAutowireCapableBeanFactory.java:529) ~[spring-beans-6.2.15.jar:6.2.15]
	at org.springframework.beans.factory.support.AbstractBeanFactory.lambda$doGetBean$0(AbstractBeanFactory.java:339) ~[spring-beans-6.2.15.jar:6.2.15]
	at org.springframework.beans.factory.support.DefaultSingletonBeanRegistry.getSingleton(DefaultSingletonBeanRegistry.java:373) ~[spring-beans-6.2.15.jar:6.2.15]
	at org.springframework.beans.factory.support.AbstractBeanFactory.doGetBean(AbstractBeanFactory.java:337) ~[spring-beans-6.2.15.jar:6.2.15]
	at org.springframework.beans.factory.support.AbstractBeanFactory.getBean(AbstractBeanFactory.java:207) ~[spring-beans-6.2.15.jar:6.2.15]
	at org.springframework.boot.web.servlet.ServletContextInitializerBeans.getOrderedBeansOfType(ServletContextInitializerBeans.java:230) ~[spring-boot-3.5.9.jar:3.5.9]
	at org.springframework.boot.web.servlet.ServletContextInitializerBeans.addAsRegistrationBean(ServletContextInitializerBeans.java:184) ~[spring-boot-3.5.9.jar:3.5.9]
	at org.springframework.boot.web.servlet.ServletContextInitializerBeans.addAsRegistrationBean(ServletContextInitializerBeans.java:179) ~[spring-boot-3.5.9.jar:3.5.9]
	at org.springframework.boot.web.servlet.ServletContextInitializerBeans.addAdaptableBeans(ServletContextInitializerBeans.java:164) ~[spring-boot-3.5.9.jar:3.5.9]
	at org.springframework.boot.web.servlet.ServletContextInitializerBeans.<init>(ServletContextInitializerBeans.java:96) ~[spring-boot-3.5.9.jar:3.5.9]
	at org.springframework.boot.web.servlet.context.ServletWebServerApplicationContext.getServletContextInitializerBeans(ServletWebServerApplicationContext.java:271) ~[spring-boot-3.5.9.jar:3.5.9]
	at org.springframework.boot.web.servlet.context.ServletWebServerApplicationContext.selfInitialize(ServletWebServerApplicationContext.java:245) ~[spring-boot-3.5.9.jar:3.5.9]
	at org.springframework.boot.web.embedded.tomcat.TomcatStarter.onStartup(TomcatStarter.java:52) ~[spring-boot-3.5.9.jar:3.5.9]
	at org.apache.catalina.core.StandardContext.startInternal(StandardContext.java:4452) ~[tomcat-embed-core-10.1.50.jar:10.1.50]
	at org.apache.catalina.util.LifecycleBase.start(LifecycleBase.java:164) ~[tomcat-embed-core-10.1.50.jar:10.1.50]
	at org.apache.catalina.core.ContainerBase$StartChild.call(ContainerBase.java:1201) ~[tomcat-embed-core-10.1.50.jar:10.1.50]
	at org.apache.catalina.core.ContainerBase$StartChild.call(ContainerBase.java:1191) ~[tomcat-embed-core-10.1.50.jar:10.1.50]
	at java.base/java.util.concurrent.FutureTask.run(FutureTask.java:264) ~[na:na]
	at org.apache.tomcat.util.threads.InlineExecutorService.execute(InlineExecutorService.java:81) ~[tomcat-embed-core-10.1.50.jar:10.1.50]
	at java.base/java.util.concurrent.AbstractExecutorService.submit(AbstractExecutorService.java:145) ~[na:na]
	at org.apache.catalina.core.ContainerBase.startInternal(ContainerBase.java:747) ~[tomcat-embed-core-10.1.50.jar:10.1.50]
	at org.apache.catalina.core.StandardHost.startInternal(StandardHost.java:783) ~[tomcat-embed-core-10.1.50.jar:10.1.50]
	at org.apache.catalina.util.LifecycleBase.start(LifecycleBase.java:164) ~[tomcat-embed-core-10.1.50.jar:10.1.50]
	at org.apache.catalina.core.ContainerBase$StartChild.call(ContainerBase.java:1201) ~[tomcat-embed-core-10.1.50.jar:10.1.50]
	at org.apache.catalina.core.ContainerBase$StartChild.call(ContainerBase.java:1191) ~[tomcat-embed-core-10.1.50.jar:10.1.50]
	at java.base/java.util.concurrent.FutureTask.run(FutureTask.java:264) ~[na:na]
	at org.apache.tomcat.util.threads.InlineExecutorService.execute(InlineExecutorService.java:81) ~[tomcat-embed-core-10.1.50.jar:10.1.50]
	at java.base/java.util.concurrent.AbstractExecutorService.submit(AbstractExecutorService.java:145) ~[na:na]
	at org.apache.catalina.core.ContainerBase.startInternal(ContainerBase.java:747) ~[tomcat-embed-core-10.1.50.jar:10.1.50]
	at org.apache.catalina.core.StandardEngine.startInternal(StandardEngine.java:201) ~[tomcat-embed-core-10.1.50.jar:10.1.50]
	at org.apache.catalina.util.LifecycleBase.start(LifecycleBase.java:164) ~[tomcat-embed-core-10.1.50.jar:10.1.50]
	at org.apache.catalina.core.StandardService.startInternal(StandardService.java:410) ~[tomcat-embed-core-10.1.50.jar:10.1.50]
	at org.apache.catalina.util.LifecycleBase.start(LifecycleBase.java:164) ~[tomcat-embed-core-10.1.50.jar:10.1.50]
	at org.apache.catalina.core.StandardServer.startInternal(StandardServer.java:868) ~[tomcat-embed-core-10.1.50.jar:10.1.50]
	at org.apache.catalina.util.LifecycleBase.start(LifecycleBase.java:164) ~[tomcat-embed-core-10.1.50.jar:10.1.50]
	at org.apache.catalina.startup.Tomcat.start(Tomcat.java:436) ~[tomcat-embed-core-10.1.50.jar:10.1.50]
	at org.springframework.boot.web.embedded.tomcat.TomcatWebServer.initialize(TomcatWebServer.java:128) ~[spring-boot-3.5.9.jar:3.5.9]
	at org.springframework.boot.web.embedded.tomcat.TomcatWebServer.<init>(TomcatWebServer.java:107) ~[spring-boot-3.5.9.jar:3.5.9]
	at org.springframework.boot.web.embedded.tomcat.TomcatServletWebServerFactory.getTomcatWebServer(TomcatServletWebServerFactory.java:517) ~[spring-boot-3.5.9.jar:3.5.9]
	at org.springframework.boot.web.embedded.tomcat.TomcatServletWebServerFactory.getWebServer(TomcatServletWebServerFactory.java:219) ~[spring-boot-3.5.9.jar:3.5.9]
	at org.springframework.boot.web.servlet.context.ServletWebServerApplicationContext.createWebServer(ServletWebServerApplicationContext.java:193) ~[spring-boot-3.5.9.jar:3.5.9]
	at org.springframework.boot.web.servlet.context.ServletWebServerApplicationContext.onRefresh(ServletWebServerApplicationContext.java:167) ~[spring-boot-3.5.9.jar:3.5.9]
	at org.springframework.context.support.AbstractApplicationContext.refresh(AbstractApplicationContext.java:621) ~[spring-context-6.2.15.jar:6.2.15]
	at org.springframework.boot.web.servlet.context.ServletWebServerApplicationContext.refresh(ServletWebServerApplicationContext.java:146) ~[spring-boot-3.5.9.jar:3.5.9]
	at org.springframework.boot.SpringApplication.refresh(SpringApplication.java:752) ~[spring-boot-3.5.9.jar:3.5.9]
	at org.springframework.boot.SpringApplication.refreshContext(SpringApplication.java:439) ~[spring-boot-3.5.9.jar:3.5.9]
	at org.springframework.boot.SpringApplication.run(SpringApplication.java:318) ~[spring-boot-3.5.9.jar:3.5.9]
	at org.springframework.boot.SpringApplication.run(SpringApplication.java:1361) ~[spring-boot-3.5.9.jar:3.5.9]
	at org.springframework.boot.SpringApplication.run(SpringApplication.java:1350) ~[spring-boot-3.5.9.jar:3.5.9]
	at com.spa.backend.SpaBackendApplication.main(SpaBackendApplication.java:12) ~[classes/:na]
Caused by: org.postgresql.util.PSQLException: ERROR: insert or update on table "quote_services" violates foreign key constraint "fkuj8twvrewevkgjs6m1rrki5m"
  Detail: Key (id_quote)=(3) is not present in table "quotes".
	at org.postgresql.core.v3.QueryExecutorImpl.receiveErrorResponse(QueryExecutorImpl.java:2725) ~[postgresql-42.7.3.jar:42.7.3]
	at org.postgresql.core.v3.QueryExecutorImpl.processResults(QueryExecutorImpl.java:2412) ~[postgresql-42.7.3.jar:42.7.3]
	at org.postgresql.core.v3.QueryExecutorImpl.execute(QueryExecutorImpl.java:371) ~[postgresql-42.7.3.jar:42.7.3]
	at org.postgresql.jdbc.PgStatement.executeInternal(PgStatement.java:502) ~[postgresql-42.7.3.jar:42.7.3]
	at org.postgresql.jdbc.PgStatement.execute(PgStatement.java:419) ~[postgresql-42.7.3.jar:42.7.3]
	at org.postgresql.jdbc.PgStatement.executeWithFlags(PgStatement.java:341) ~[postgresql-42.7.3.jar:42.7.3]
	at org.postgresql.jdbc.PgStatement.executeCachedSql(PgStatement.java:326) ~[postgresql-42.7.3.jar:42.7.3]
	at org.postgresql.jdbc.PgStatement.executeWithFlags(PgStatement.java:302) ~[postgresql-42.7.3.jar:42.7.3]
	at org.postgresql.jdbc.PgStatement.execute(PgStatement.java:297) ~[postgresql-42.7.3.jar:42.7.3]
	at com.zaxxer.hikari.pool.ProxyStatement.execute(ProxyStatement.java:95) ~[HikariCP-6.3.3.jar:na]
	at com.zaxxer.hikari.pool.HikariProxyStatement.execute(HikariProxyStatement.java) ~[HikariCP-6.3.3.jar:na]
	at org.hibernate.tool.schema.internal.exec.GenerationTargetToDatabase.accept(GenerationTargetToDatabase.java:80) ~[hibernate-core-6.6.39.Final.jar:6.6.39.Final]
	... 121 common frames omitted

2026-03-02T15:38:25.157-05:00  INFO 19364 --- [backend] [main] j.LocalContainerEntityManagerFactoryBean : Initialized JPA EntityManagerFactory for persistence unit 'default'
2026-03-02T15:38:25.810-05:00 DEBUG 19364 --- [backend] [main] c.s.b.security.JwtAuthenticationFilter   : Filter 'jwtAuthenticationFilter' configured for use
2026-03-02T15:38:25.873-05:00  WARN 19364 --- [backend] [main] ConfigServletWebServerApplicationContext : Exception encountered during context initialization - cancelling refresh attempt: org.springframework.beans.factory.BeanCreationException: Error creating bean with name 'cloudinaryConfig': Injection of autowired dependencies failed
2026-03-02T15:38:25.875-05:00  INFO 19364 --- [backend] [main] j.LocalContainerEntityManagerFactoryBean : Closing JPA EntityManagerFactory for persistence unit 'default'
2026-03-02T15:38:25.883-05:00  INFO 19364 --- [backend] [main] com.zaxxer.hikari.HikariDataSource       : HikariPool-1 - Shutdown initiated...
2026-03-02T15:38:26.106-05:00  INFO 19364 --- [backend] [main] com.zaxxer.hikari.HikariDataSource       : HikariPool-1 - Shutdown completed.
2026-03-02T15:38:26.110-05:00  INFO 19364 --- [backend] [main] o.apache.catalina.core.StandardService   : Stopping service [Tomcat]
2026-03-02T15:38:26.132-05:00  INFO 19364 --- [backend] [main] .s.b.a.l.ConditionEvaluationReportLogger : 

Error starting ApplicationContext. To display the condition evaluation report re-run your application with 'debug' enabled.
2026-03-02T15:38:26.165-05:00 ERROR 19364 --- [backend] [main] o.s.boot.SpringApplication               : Application run failed

org.springframework.beans.factory.BeanCreationException: Error creating bean with name 'cloudinaryConfig': Injection of autowired dependencies failed
	at org.springframework.beans.factory.annotation.AutowiredAnnotationBeanPostProcessor.postProcessProperties(AutowiredAnnotationBeanPostProcessor.java:515) ~[spring-beans-6.2.15.jar:6.2.15]
	at org.springframework.beans.factory.support.AbstractAutowireCapableBeanFactory.populateBean(AbstractAutowireCapableBeanFactory.java:1459) ~[spring-beans-6.2.15.jar:6.2.15]
	at org.springframework.beans.factory.support.AbstractAutowireCapableBeanFactory.doCreateBean(AbstractAutowireCapableBeanFactory.java:606) ~[spring-beans-6.2.15.jar:6.2.15]
	at org.springframework.beans.factory.support.AbstractAutowireCapableBeanFactory.createBean(AbstractAutowireCapableBeanFactory.java:529) ~[spring-beans-6.2.15.jar:6.2.15]
	at org.springframework.beans.factory.support.AbstractBeanFactory.lambda$doGetBean$0(AbstractBeanFactory.java:339) ~[spring-beans-6.2.15.jar:6.2.15]
	at org.springframework.beans.factory.support.DefaultSingletonBeanRegistry.getSingleton(DefaultSingletonBeanRegistry.java:373) ~[spring-beans-6.2.15.jar:6.2.15]
	at org.springframework.beans.factory.support.AbstractBeanFactory.doGetBean(AbstractBeanFactory.java:337) ~[spring-beans-6.2.15.jar:6.2.15]
	at org.springframework.beans.factory.support.AbstractBeanFactory.getBean(AbstractBeanFactory.java:202) ~[spring-beans-6.2.15.jar:6.2.15]
	at org.springframework.beans.factory.support.DefaultListableBeanFactory.instantiateSingleton(DefaultListableBeanFactory.java:1228) ~[spring-beans-6.2.15.jar:6.2.15]
	at org.springframework.beans.factory.support.DefaultListableBeanFactory.preInstantiateSingleton(DefaultListableBeanFactory.java:1194) ~[spring-beans-6.2.15.jar:6.2.15]
	at org.springframework.beans.factory.support.DefaultListableBeanFactory.preInstantiateSingletons(DefaultListableBeanFactory.java:1130) ~[spring-beans-6.2.15.jar:6.2.15]
	at org.springframework.context.support.AbstractApplicationContext.finishBeanFactoryInitialization(AbstractApplicationContext.java:990) ~[spring-context-6.2.15.jar:6.2.15]
	at org.springframework.context.support.AbstractApplicationContext.refresh(AbstractApplicationContext.java:627) ~[spring-context-6.2.15.jar:6.2.15]
	at org.springframework.boot.web.servlet.context.ServletWebServerApplicationContext.refresh(ServletWebServerApplicationContext.java:146) ~[spring-boot-3.5.9.jar:3.5.9]
	at org.springframework.boot.SpringApplication.refresh(SpringApplication.java:752) ~[spring-boot-3.5.9.jar:3.5.9]
	at org.springframework.boot.SpringApplication.refreshContext(SpringApplication.java:439) ~[spring-boot-3.5.9.jar:3.5.9]
	at org.springframework.boot.SpringApplication.run(SpringApplication.java:318) ~[spring-boot-3.5.9.jar:3.5.9]
	at org.springframework.boot.SpringApplication.run(SpringApplication.java:1361) ~[spring-boot-3.5.9.jar:3.5.9]
	at org.springframework.boot.SpringApplication.run(SpringApplication.java:1350) ~[spring-boot-3.5.9.jar:3.5.9]
	at com.spa.backend.SpaBackendApplication.main(SpaBackendApplication.java:12) ~[classes/:na]
Caused by: org.springframework.util.PlaceholderResolutionException: Could not resolve placeholder 'CLOUDINARY_CLOUD_NAME' in value "${CLOUDINARY_CLOUD_NAME}" <-- "${cloudinary.cloud_name}"
	at org.springframework.util.PlaceholderResolutionException.withValue(PlaceholderResolutionException.java:81) ~[spring-core-6.2.15.jar:6.2.15]
	at org.springframework.util.PlaceholderParser$ParsedValue.resolve(PlaceholderParser.java:298) ~[spring-core-6.2.15.jar:6.2.15]
	at org.springframework.util.PlaceholderParser.replacePlaceholders(PlaceholderParser.java:131) ~[spring-core-6.2.15.jar:6.2.15]
	at org.springframework.util.PropertyPlaceholderHelper.replacePlaceholders(PropertyPlaceholderHelper.java:114) ~[spring-core-6.2.15.jar:6.2.15]
	at org.springframework.core.env.AbstractPropertyResolver.doResolvePlaceholders(AbstractPropertyResolver.java:293) ~[spring-core-6.2.15.jar:6.2.15]
	at org.springframework.core.env.AbstractPropertyResolver.resolveRequiredPlaceholders(AbstractPropertyResolver.java:264) ~[spring-core-6.2.15.jar:6.2.15]
	at org.springframework.context.support.PropertySourcesPlaceholderConfigurer.lambda$processProperties$0(PropertySourcesPlaceholderConfigurer.java:186) ~[spring-context-6.2.15.jar:6.2.15]
	at org.springframework.beans.factory.support.AbstractBeanFactory.resolveEmbeddedValue(AbstractBeanFactory.java:970) ~[spring-beans-6.2.15.jar:6.2.15]
	at org.springframework.beans.factory.support.DefaultListableBeanFactory.doResolveDependency(DefaultListableBeanFactory.java:1675) ~[spring-beans-6.2.15.jar:6.2.15]
	at org.springframework.beans.factory.support.DefaultListableBeanFactory.resolveDependency(DefaultListableBeanFactory.java:1653) ~[spring-beans-6.2.15.jar:6.2.15]
	at org.springframework.beans.factory.annotation.AutowiredAnnotationBeanPostProcessor$AutowiredFieldElement.resolveFieldValue(AutowiredAnnotationBeanPostProcessor.java:784) ~[spring-beans-6.2.15.jar:6.2.15]
	at org.springframework.beans.factory.annotation.AutowiredAnnotationBeanPostProcessor$AutowiredFieldElement.inject(AutowiredAnnotationBeanPostProcessor.java:767) ~[spring-beans-6.2.15.jar:6.2.15]
	at org.springframework.beans.factory.annotation.InjectionMetadata.inject(InjectionMetadata.java:146) ~[spring-beans-6.2.15.jar:6.2.15]
	at org.springframework.beans.factory.annotation.AutowiredAnnotationBeanPostProcessor.postProcessProperties(AutowiredAnnotationBeanPostProcessor.java:509) ~[spring-beans-6.2.15.jar:6.2.15]
	... 19 common frames omitted

2026-03-02T15:45:13.867-05:00  INFO 28924 --- [backend] [main] com.spa.backend.SpaBackendApplication    : Starting SpaBackendApplication using Java 17.0.12 with PID 28924 (C:\Users\samue\OneDrive\Desktop\spa\Backend_spas\target\classes started by samue in C:\Users\samue\OneDrive\Desktop\spa\Backend_spas)
2026-03-02T15:45:13.871-05:00 DEBUG 28924 --- [backend] [main] com.spa.backend.SpaBackendApplication    : Running with Spring Boot v3.5.9, Spring v6.2.15
2026-03-02T15:45:13.874-05:00  INFO 28924 --- [backend] [main] com.spa.backend.SpaBackendApplication    : No active profile set, falling back to 1 default profile: "default"
2026-03-02T15:45:16.485-05:00  INFO 28924 --- [backend] [main] .s.d.r.c.RepositoryConfigurationDelegate : Bootstrapping Spring Data JPA repositories in DEFAULT mode.
2026-03-02T15:45:16.744-05:00  INFO 28924 --- [backend] [main] .s.d.r.c.RepositoryConfigurationDelegate : Finished Spring Data repository scanning in 236 ms. Found 8 JPA repository interfaces.
2026-03-02T15:45:19.418-05:00  INFO 28924 --- [backend] [main] o.s.b.w.embedded.tomcat.TomcatWebServer  : Tomcat initialized with port 8085 (http)
2026-03-02T15:45:19.489-05:00  INFO 28924 --- [backend] [main] o.apache.catalina.core.StandardService   : Starting service [Tomcat]
2026-03-02T15:45:19.491-05:00  INFO 28924 --- [backend] [main] o.apache.catalina.core.StandardEngine    : Starting Servlet engine: [Apache Tomcat/10.1.50]
2026-03-02T15:45:19.699-05:00  INFO 28924 --- [backend] [main] o.a.c.c.C.[Tomcat].[localhost].[/]       : Initializing Spring embedded WebApplicationContext
2026-03-02T15:45:19.702-05:00  INFO 28924 --- [backend] [main] w.s.c.ServletWebServerApplicationContext : Root WebApplicationContext: initialization completed in 5674 ms
2026-03-02T15:45:20.064-05:00  INFO 28924 --- [backend] [main] o.hibernate.jpa.internal.util.LogHelper  : HHH000204: Processing PersistenceUnitInfo [name: default]
2026-03-02T15:45:20.259-05:00  INFO 28924 --- [backend] [main] org.hibernate.Version                    : HHH000412: Hibernate ORM core version 6.6.39.Final
2026-03-02T15:45:20.399-05:00  INFO 28924 --- [backend] [main] o.h.c.internal.RegionFactoryInitiator    : HHH000026: Second-level cache disabled
2026-03-02T15:45:21.122-05:00  INFO 28924 --- [backend] [main] o.s.o.j.p.SpringPersistenceUnitInfo      : No LoadTimeWeaver setup: ignoring JPA class transformer
2026-03-02T15:45:21.183-05:00  INFO 28924 --- [backend] [main] com.zaxxer.hikari.HikariDataSource       : HikariPool-1 - Starting...
2026-03-02T15:45:22.907-05:00  INFO 28924 --- [backend] [main] com.zaxxer.hikari.pool.HikariPool        : HikariPool-1 - Added connection org.postgresql.jdbc.PgConnection@4e756867
2026-03-02T15:45:22.909-05:00  INFO 28924 --- [backend] [main] com.zaxxer.hikari.HikariDataSource       : HikariPool-1 - Start completed.
2026-03-02T15:45:23.065-05:00  WARN 28924 --- [backend] [main] org.hibernate.orm.deprecation            : HHH90000025: PostgreSQLDialect does not need to be specified explicitly using 'hibernate.dialect' (remove the property setting and it will be selected by default)
2026-03-02T15:45:23.314-05:00  INFO 28924 --- [backend] [main] org.hibernate.orm.connections.pooling    : HHH10001005: Database info:
	Database JDBC URL [Connecting through datasource 'HikariDataSource (HikariPool-1)']
	Database driver: undefined/unknown
	Database version: 17.8
	Autocommit mode: undefined/unknown
	Isolation level: undefined/unknown
	Minimum pool size: undefined/unknown
	Maximum pool size: undefined/unknown
2026-03-02T15:45:25.366-05:00  INFO 28924 --- [backend] [main] o.h.e.t.j.p.i.JtaPlatformInitiator       : HHH000489: No JTA platform available (set 'hibernate.transaction.jta.platform' to enable JTA platform integration)
2026-03-02T15:45:28.587-05:00  INFO 28924 --- [backend] [main] j.LocalContainerEntityManagerFactoryBean : Initialized JPA EntityManagerFactory for persistence unit 'default'
2026-03-02T15:45:29.297-05:00 DEBUG 28924 --- [backend] [main] c.s.b.security.JwtAuthenticationFilter   : Filter 'jwtAuthenticationFilter' configured for use
2026-03-02T15:45:29.356-05:00  WARN 28924 --- [backend] [main] ConfigServletWebServerApplicationContext : Exception encountered during context initialization - cancelling refresh attempt: org.springframework.beans.factory.BeanCreationException: Error creating bean with name 'cloudinaryConfig': Injection of autowired dependencies failed
2026-03-02T15:45:29.360-05:00  INFO 28924 --- [backend] [main] j.LocalContainerEntityManagerFactoryBean : Closing JPA EntityManagerFactory for persistence unit 'default'
2026-03-02T15:45:29.374-05:00  INFO 28924 --- [backend] [main] com.zaxxer.hikari.HikariDataSource       : HikariPool-1 - Shutdown initiated...
2026-03-02T15:45:29.595-05:00  INFO 28924 --- [backend] [main] com.zaxxer.hikari.HikariDataSource       : HikariPool-1 - Shutdown completed.
2026-03-02T15:45:29.599-05:00  INFO 28924 --- [backend] [main] o.apache.catalina.core.StandardService   : Stopping service [Tomcat]
2026-03-02T15:45:29.624-05:00  INFO 28924 --- [backend] [main] .s.b.a.l.ConditionEvaluationReportLogger : 

Error starting ApplicationContext. To display the condition evaluation report re-run your application with 'debug' enabled.
2026-03-02T15:45:29.655-05:00 ERROR 28924 --- [backend] [main] o.s.boot.SpringApplication               : Application run failed

org.springframework.beans.factory.BeanCreationException: Error creating bean with name 'cloudinaryConfig': Injection of autowired dependencies failed
	at org.springframework.beans.factory.annotation.AutowiredAnnotationBeanPostProcessor.postProcessProperties(AutowiredAnnotationBeanPostProcessor.java:515) ~[spring-beans-6.2.15.jar:6.2.15]
	at org.springframework.beans.factory.support.AbstractAutowireCapableBeanFactory.populateBean(AbstractAutowireCapableBeanFactory.java:1459) ~[spring-beans-6.2.15.jar:6.2.15]
	at org.springframework.beans.factory.support.AbstractAutowireCapableBeanFactory.doCreateBean(AbstractAutowireCapableBeanFactory.java:606) ~[spring-beans-6.2.15.jar:6.2.15]
	at org.springframework.beans.factory.support.AbstractAutowireCapableBeanFactory.createBean(AbstractAutowireCapableBeanFactory.java:529) ~[spring-beans-6.2.15.jar:6.2.15]
	at org.springframework.beans.factory.support.AbstractBeanFactory.lambda$doGetBean$0(AbstractBeanFactory.java:339) ~[spring-beans-6.2.15.jar:6.2.15]
	at org.springframework.beans.factory.support.DefaultSingletonBeanRegistry.getSingleton(DefaultSingletonBeanRegistry.java:373) ~[spring-beans-6.2.15.jar:6.2.15]
	at org.springframework.beans.factory.support.AbstractBeanFactory.doGetBean(AbstractBeanFactory.java:337) ~[spring-beans-6.2.15.jar:6.2.15]
	at org.springframework.beans.factory.support.AbstractBeanFactory.getBean(AbstractBeanFactory.java:202) ~[spring-beans-6.2.15.jar:6.2.15]
	at org.springframework.beans.factory.support.DefaultListableBeanFactory.instantiateSingleton(DefaultListableBeanFactory.java:1228) ~[spring-beans-6.2.15.jar:6.2.15]
	at org.springframework.beans.factory.support.DefaultListableBeanFactory.preInstantiateSingleton(DefaultListableBeanFactory.java:1194) ~[spring-beans-6.2.15.jar:6.2.15]
	at org.springframework.beans.factory.support.DefaultListableBeanFactory.preInstantiateSingletons(DefaultListableBeanFactory.java:1130) ~[spring-beans-6.2.15.jar:6.2.15]
	at org.springframework.context.support.AbstractApplicationContext.finishBeanFactoryInitialization(AbstractApplicationContext.java:990) ~[spring-context-6.2.15.jar:6.2.15]
	at org.springframework.context.support.AbstractApplicationContext.refresh(AbstractApplicationContext.java:627) ~[spring-context-6.2.15.jar:6.2.15]
	at org.springframework.boot.web.servlet.context.ServletWebServerApplicationContext.refresh(ServletWebServerApplicationContext.java:146) ~[spring-boot-3.5.9.jar:3.5.9]
	at org.springframework.boot.SpringApplication.refresh(SpringApplication.java:752) ~[spring-boot-3.5.9.jar:3.5.9]
	at org.springframework.boot.SpringApplication.refreshContext(SpringApplication.java:439) ~[spring-boot-3.5.9.jar:3.5.9]
	at org.springframework.boot.SpringApplication.run(SpringApplication.java:318) ~[spring-boot-3.5.9.jar:3.5.9]
	at org.springframework.boot.SpringApplication.run(SpringApplication.java:1361) ~[spring-boot-3.5.9.jar:3.5.9]
	at org.springframework.boot.SpringApplication.run(SpringApplication.java:1350) ~[spring-boot-3.5.9.jar:3.5.9]
	at com.spa.backend.SpaBackendApplication.main(SpaBackendApplication.java:12) ~[classes/:na]
Caused by: org.springframework.util.PlaceholderResolutionException: Could not resolve placeholder 'CLOUDINARY_CLOUD_NAME' in value "${CLOUDINARY_CLOUD_NAME}" <-- "${cloudinary.cloud_name}"
	at org.springframework.util.PlaceholderResolutionException.withValue(PlaceholderResolutionException.java:81) ~[spring-core-6.2.15.jar:6.2.15]
	at org.springframework.util.PlaceholderParser$ParsedValue.resolve(PlaceholderParser.java:298) ~[spring-core-6.2.15.jar:6.2.15]
	at org.springframework.util.PlaceholderParser.replacePlaceholders(PlaceholderParser.java:131) ~[spring-core-6.2.15.jar:6.2.15]
	at org.springframework.util.PropertyPlaceholderHelper.replacePlaceholders(PropertyPlaceholderHelper.java:114) ~[spring-core-6.2.15.jar:6.2.15]
	at org.springframework.core.env.AbstractPropertyResolver.doResolvePlaceholders(AbstractPropertyResolver.java:293) ~[spring-core-6.2.15.jar:6.2.15]
	at org.springframework.core.env.AbstractPropertyResolver.resolveRequiredPlaceholders(AbstractPropertyResolver.java:264) ~[spring-core-6.2.15.jar:6.2.15]
	at org.springframework.context.support.PropertySourcesPlaceholderConfigurer.lambda$processProperties$0(PropertySourcesPlaceholderConfigurer.java:186) ~[spring-context-6.2.15.jar:6.2.15]
	at org.springframework.beans.factory.support.AbstractBeanFactory.resolveEmbeddedValue(AbstractBeanFactory.java:970) ~[spring-beans-6.2.15.jar:6.2.15]
	at org.springframework.beans.factory.support.DefaultListableBeanFactory.doResolveDependency(DefaultListableBeanFactory.java:1675) ~[spring-beans-6.2.15.jar:6.2.15]
	at org.springframework.beans.factory.support.DefaultListableBeanFactory.resolveDependency(DefaultListableBeanFactory.java:1653) ~[spring-beans-6.2.15.jar:6.2.15]
	at org.springframework.beans.factory.annotation.AutowiredAnnotationBeanPostProcessor$AutowiredFieldElement.resolveFieldValue(AutowiredAnnotationBeanPostProcessor.java:784) ~[spring-beans-6.2.15.jar:6.2.15]
	at org.springframework.beans.factory.annotation.AutowiredAnnotationBeanPostProcessor$AutowiredFieldElement.inject(AutowiredAnnotationBeanPostProcessor.java:767) ~[spring-beans-6.2.15.jar:6.2.15]
	at org.springframework.beans.factory.annotation.InjectionMetadata.inject(InjectionMetadata.java:146) ~[spring-beans-6.2.15.jar:6.2.15]
	at org.springframework.beans.factory.annotation.AutowiredAnnotationBeanPostProcessor.postProcessProperties(AutowiredAnnotationBeanPostProcessor.java:509) ~[spring-beans-6.2.15.jar:6.2.15]
	... 19 common frames omitted

2026-03-02T15:51:15.456-05:00  INFO 20372 --- [backend] [main] com.spa.backend.SpaBackendApplication    : Starting SpaBackendApplication using Java 17.0.12 with PID 20372 (C:\Users\samue\OneDrive\Desktop\spa\Backend_spas\target\classes started by samue in C:\Users\samue\OneDrive\Desktop\spa\Backend_spas)
2026-03-02T15:51:15.459-05:00 DEBUG 20372 --- [backend] [main] com.spa.backend.SpaBackendApplication    : Running with Spring Boot v3.5.9, Spring v6.2.15
2026-03-02T15:51:15.460-05:00  INFO 20372 --- [backend] [main] com.spa.backend.SpaBackendApplication    : No active profile set, falling back to 1 default profile: "default"
2026-03-02T15:51:17.416-05:00  INFO 20372 --- [backend] [main] .s.d.r.c.RepositoryConfigurationDelegate : Bootstrapping Spring Data JPA repositories in DEFAULT mode.
2026-03-02T15:51:17.621-05:00  INFO 20372 --- [backend] [main] .s.d.r.c.RepositoryConfigurationDelegate : Finished Spring Data repository scanning in 182 ms. Found 8 JPA repository interfaces.
2026-03-02T15:51:19.437-05:00  INFO 20372 --- [backend] [main] o.s.b.w.embedded.tomcat.TomcatWebServer  : Tomcat initialized with port 8085 (http)
2026-03-02T15:51:19.469-05:00  INFO 20372 --- [backend] [main] o.apache.catalina.core.StandardService   : Starting service [Tomcat]
2026-03-02T15:51:19.470-05:00  INFO 20372 --- [backend] [main] o.apache.catalina.core.StandardEngine    : Starting Servlet engine: [Apache Tomcat/10.1.50]
2026-03-02T15:51:19.603-05:00  INFO 20372 --- [backend] [main] o.a.c.c.C.[Tomcat].[localhost].[/]       : Initializing Spring embedded WebApplicationContext
2026-03-02T15:51:19.606-05:00  INFO 20372 --- [backend] [main] w.s.c.ServletWebServerApplicationContext : Root WebApplicationContext: initialization completed in 4052 ms
2026-03-02T15:51:20.065-05:00  INFO 20372 --- [backend] [main] o.hibernate.jpa.internal.util.LogHelper  : HHH000204: Processing PersistenceUnitInfo [name: default]
2026-03-02T15:51:20.204-05:00  INFO 20372 --- [backend] [main] org.hibernate.Version                    : HHH000412: Hibernate ORM core version 6.6.39.Final
2026-03-02T15:51:20.271-05:00  INFO 20372 --- [backend] [main] o.h.c.internal.RegionFactoryInitiator    : HHH000026: Second-level cache disabled
2026-03-02T15:51:21.106-05:00  INFO 20372 --- [backend] [main] o.s.o.j.p.SpringPersistenceUnitInfo      : No LoadTimeWeaver setup: ignoring JPA class transformer
2026-03-02T15:51:21.191-05:00  INFO 20372 --- [backend] [main] com.zaxxer.hikari.HikariDataSource       : HikariPool-1 - Starting...
2026-03-02T15:51:23.411-05:00  INFO 20372 --- [backend] [main] com.zaxxer.hikari.pool.HikariPool        : HikariPool-1 - Added connection org.postgresql.jdbc.PgConnection@57b130f6
2026-03-02T15:51:23.413-05:00  INFO 20372 --- [backend] [main] com.zaxxer.hikari.HikariDataSource       : HikariPool-1 - Start completed.
2026-03-02T15:51:23.612-05:00  WARN 20372 --- [backend] [main] org.hibernate.orm.deprecation            : HHH90000025: PostgreSQLDialect does not need to be specified explicitly using 'hibernate.dialect' (remove the property setting and it will be selected by default)
2026-03-02T15:51:23.879-05:00  INFO 20372 --- [backend] [main] org.hibernate.orm.connections.pooling    : HHH10001005: Database info:
	Database JDBC URL [Connecting through datasource 'HikariDataSource (HikariPool-1)']
	Database driver: undefined/unknown
	Database version: 17.8
	Autocommit mode: undefined/unknown
	Isolation level: undefined/unknown
	Minimum pool size: undefined/unknown
	Maximum pool size: undefined/unknown
2026-03-02T15:51:26.080-05:00  INFO 20372 --- [backend] [main] o.h.e.t.j.p.i.JtaPlatformInitiator       : HHH000489: No JTA platform available (set 'hibernate.transaction.jta.platform' to enable JTA platform integration)
2026-03-02T15:51:29.789-05:00  INFO 20372 --- [backend] [main] j.LocalContainerEntityManagerFactoryBean : Initialized JPA EntityManagerFactory for persistence unit 'default'
2026-03-02T15:51:30.464-05:00 DEBUG 20372 --- [backend] [main] c.s.b.security.JwtAuthenticationFilter   : Filter 'jwtAuthenticationFilter' configured for use
2026-03-02T15:51:30.706-05:00  INFO 20372 --- [backend] [main] r$InitializeUserDetailsManagerConfigurer : Global AuthenticationManager configured with UserDetailsService bean with name customUserDetailsService
2026-03-02T15:51:30.931-05:00  INFO 20372 --- [backend] [main] o.s.d.j.r.query.QueryEnhancerFactory     : Hibernate is in classpath; If applicable, HQL parser will be used.
2026-03-02T15:51:32.370-05:00  WARN 20372 --- [backend] [main] JpaBaseConfiguration$JpaWebConfiguration : spring.jpa.open-in-view is enabled by default. Therefore, database queries may be performed during view rendering. Explicitly configure spring.jpa.open-in-view to disable this warning
2026-03-02T15:51:34.594-05:00  INFO 20372 --- [backend] [main] o.s.b.w.embedded.tomcat.TomcatWebServer  : Tomcat started on port 8085 (http) with context path '/'
2026-03-02T15:51:34.625-05:00  INFO 20372 --- [backend] [main] com.spa.backend.SpaBackendApplication    : Started SpaBackendApplication in 20.328 seconds (process running for 20.974)
2026-03-02T15:52:11.970-05:00  INFO 20372 --- [backend] [http-nio-8085-exec-2] o.a.c.c.C.[Tomcat].[localhost].[/]       : Initializing Spring DispatcherServlet 'dispatcherServlet'
2026-03-02T15:52:11.970-05:00  INFO 20372 --- [backend] [http-nio-8085-exec-2] o.s.web.servlet.DispatcherServlet        : Initializing Servlet 'dispatcherServlet'
2026-03-02T15:52:11.973-05:00  INFO 20372 --- [backend] [http-nio-8085-exec-2] o.s.web.servlet.DispatcherServlet        : Completed initialization in 2 ms
2026-03-02T15:52:12.099-05:00 DEBUG 20372 --- [backend] [http-nio-8085-exec-4] c.s.b.security.JwtAuthenticationFilter   : === JWT FILTER === GET /v1/api/rooms
2026-03-02T15:52:12.099-05:00 DEBUG 20372 --- [backend] [http-nio-8085-exec-3] c.s.b.security.JwtAuthenticationFilter   : === JWT FILTER === GET /v1/api/services
2026-03-02T15:52:12.100-05:00 DEBUG 20372 --- [backend] [http-nio-8085-exec-4] c.s.b.security.JwtAuthenticationFilter   : Token found in Authorization header
2026-03-02T15:52:12.100-05:00 DEBUG 20372 --- [backend] [http-nio-8085-exec-3] c.s.b.security.JwtAuthenticationFilter   : Token found in Authorization header
2026-03-02T15:52:12.308-05:00  INFO 20372 --- [backend] [http-nio-8085-exec-4] c.s.b.security.JwtAuthenticationFilter   : JWT validated successfully for user: ASD@gmail.com
2026-03-02T15:52:12.308-05:00  INFO 20372 --- [backend] [http-nio-8085-exec-3] c.s.b.security.JwtAuthenticationFilter   : JWT validated successfully for user: ASD@gmail.com
2026-03-02T15:52:12.639-05:00 DEBUG 20372 --- [backend] [http-nio-8085-exec-4] c.s.b.security.JwtAuthenticationFilter   : User ASD@gmail.com authenticated successfully
2026-03-02T15:52:12.639-05:00 DEBUG 20372 --- [backend] [http-nio-8085-exec-3] c.s.b.security.JwtAuthenticationFilter   : User ASD@gmail.com authenticated successfully
2026-03-02T15:52:15.031-05:00 DEBUG 20372 --- [backend] [http-nio-8085-exec-5] c.s.b.security.JwtAuthenticationFilter   : === JWT FILTER === GET /v1/api/services
2026-03-02T15:52:15.033-05:00 DEBUG 20372 --- [backend] [http-nio-8085-exec-5] c.s.b.security.JwtAuthenticationFilter   : No Bearer token found in request: GET /v1/api/services
2026-03-02T15:52:15.033-05:00 DEBUG 20372 --- [backend] [http-nio-8085-exec-6] c.s.b.security.JwtAuthenticationFilter   : === JWT FILTER === GET /v1/api/products
2026-03-02T15:52:15.034-05:00 DEBUG 20372 --- [backend] [http-nio-8085-exec-6] c.s.b.security.JwtAuthenticationFilter   : No Bearer token found in request: GET /v1/api/products
2026-03-02T15:52:16.430-05:00 DEBUG 20372 --- [backend] [http-nio-8085-exec-8] c.s.b.security.JwtAuthenticationFilter   : === JWT FILTER === POST /v1/api/auth/login
2026-03-02T15:52:16.430-05:00 DEBUG 20372 --- [backend] [http-nio-8085-exec-8] c.s.b.security.JwtAuthenticationFilter   : No Bearer token found in request: POST /v1/api/auth/login
2026-03-02T15:52:16.537-05:00  INFO 20372 --- [backend] [http-nio-8085-exec-8] com.spa.backend.rest.AuthController      : === LOGIN REQUEST ===
2026-03-02T15:52:16.537-05:00  INFO 20372 --- [backend] [http-nio-8085-exec-8] com.spa.backend.rest.AuthController      : Email: ASD@gmail.com
2026-03-02T15:52:16.955-05:00  INFO 20372 --- [backend] [http-nio-8085-exec-8] com.spa.backend.rest.AuthController      : Login successful for user: ASD@gmail.com
2026-03-02T15:52:16.973-05:00 DEBUG 20372 --- [backend] [http-nio-8085-exec-10] c.s.b.security.JwtAuthenticationFilter   : === JWT FILTER === GET /v1/api/auth/me
2026-03-02T15:52:16.973-05:00 DEBUG 20372 --- [backend] [http-nio-8085-exec-10] c.s.b.security.JwtAuthenticationFilter   : Token found in Authorization header
2026-03-02T15:52:16.976-05:00  INFO 20372 --- [backend] [http-nio-8085-exec-10] c.s.b.security.JwtAuthenticationFilter   : JWT validated successfully for user: ASD@gmail.com
2026-03-02T15:52:17.092-05:00 DEBUG 20372 --- [backend] [http-nio-8085-exec-10] c.s.b.security.JwtAuthenticationFilter   : User ASD@gmail.com authenticated successfully
2026-03-02T15:52:17.236-05:00 DEBUG 20372 --- [backend] [http-nio-8085-exec-2] c.s.b.security.JwtAuthenticationFilter   : === JWT FILTER === GET /v1/api/services
2026-03-02T15:52:17.236-05:00 DEBUG 20372 --- [backend] [http-nio-8085-exec-2] c.s.b.security.JwtAuthenticationFilter   : Token found in Authorization header
2026-03-02T15:52:17.238-05:00  INFO 20372 --- [backend] [http-nio-8085-exec-2] c.s.b.security.JwtAuthenticationFilter   : JWT validated successfully for user: ASD@gmail.com
2026-03-02T15:52:17.239-05:00 DEBUG 20372 --- [backend] [http-nio-8085-exec-3] c.s.b.security.JwtAuthenticationFilter   : === JWT FILTER === GET /v1/api/products
2026-03-02T15:52:17.241-05:00 DEBUG 20372 --- [backend] [http-nio-8085-exec-3] c.s.b.security.JwtAuthenticationFilter   : Token found in Authorization header
2026-03-02T15:52:17.246-05:00  INFO 20372 --- [backend] [http-nio-8085-exec-3] c.s.b.security.JwtAuthenticationFilter   : JWT validated successfully for user: ASD@gmail.com
2026-03-02T15:52:17.356-05:00 DEBUG 20372 --- [backend] [http-nio-8085-exec-2] c.s.b.security.JwtAuthenticationFilter   : User ASD@gmail.com authenticated successfully
2026-03-02T15:52:17.469-05:00 DEBUG 20372 --- [backend] [http-nio-8085-exec-3] c.s.b.security.JwtAuthenticationFilter   : User ASD@gmail.com authenticated successfully
2026-03-02T15:52:29.086-05:00 DEBUG 20372 --- [backend] [http-nio-8085-exec-6] c.s.b.security.JwtAuthenticationFilter   : === JWT FILTER === GET /v1/api/products
2026-03-02T15:52:29.086-05:00 DEBUG 20372 --- [backend] [http-nio-8085-exec-4] c.s.b.security.JwtAuthenticationFilter   : === JWT FILTER === GET /v1/api/services
2026-03-02T15:52:29.086-05:00 DEBUG 20372 --- [backend] [http-nio-8085-exec-6] c.s.b.security.JwtAuthenticationFilter   : No Bearer token found in request: GET /v1/api/products
2026-03-02T15:52:29.086-05:00 DEBUG 20372 --- [backend] [http-nio-8085-exec-4] c.s.b.security.JwtAuthenticationFilter   : No Bearer token found in request: GET /v1/api/services
2026-03-02T15:52:31.469-05:00 DEBUG 20372 --- [backend] [http-nio-8085-exec-5] c.s.b.security.JwtAuthenticationFilter   : === JWT FILTER === POST /v1/api/auth/login
2026-03-02T15:52:31.469-05:00 DEBUG 20372 --- [backend] [http-nio-8085-exec-5] c.s.b.security.JwtAuthenticationFilter   : No Bearer token found in request: POST /v1/api/auth/login
2026-03-02T15:52:31.473-05:00  INFO 20372 --- [backend] [http-nio-8085-exec-5] com.spa.backend.rest.AuthController      : === LOGIN REQUEST ===
2026-03-02T15:52:31.474-05:00  INFO 20372 --- [backend] [http-nio-8085-exec-5] com.spa.backend.rest.AuthController      : Email: ASD@gmail.com
2026-03-02T15:52:31.773-05:00  INFO 20372 --- [backend] [http-nio-8085-exec-5] com.spa.backend.rest.AuthController      : Login successful for user: ASD@gmail.com
2026-03-02T15:52:31.782-05:00 DEBUG 20372 --- [backend] [http-nio-8085-exec-7] c.s.b.security.JwtAuthenticationFilter   : === JWT FILTER === GET /v1/api/auth/me
2026-03-02T15:52:31.784-05:00 DEBUG 20372 --- [backend] [http-nio-8085-exec-7] c.s.b.security.JwtAuthenticationFilter   : Token found in Authorization header
2026-03-02T15:52:31.787-05:00  INFO 20372 --- [backend] [http-nio-8085-exec-7] c.s.b.security.JwtAuthenticationFilter   : JWT validated successfully for user: ASD@gmail.com
2026-03-02T15:52:31.900-05:00 DEBUG 20372 --- [backend] [http-nio-8085-exec-7] c.s.b.security.JwtAuthenticationFilter   : User ASD@gmail.com authenticated successfully
2026-03-02T15:52:32.045-05:00 DEBUG 20372 --- [backend] [http-nio-8085-exec-9] c.s.b.security.JwtAuthenticationFilter   : === JWT FILTER === GET /v1/api/services
2026-03-02T15:52:32.045-05:00 DEBUG 20372 --- [backend] [http-nio-8085-exec-8] c.s.b.security.JwtAuthenticationFilter   : === JWT FILTER === GET /v1/api/products
2026-03-02T15:52:32.046-05:00 DEBUG 20372 --- [backend] [http-nio-8085-exec-9] c.s.b.security.JwtAuthenticationFilter   : Token found in Authorization header
2026-03-02T15:52:32.046-05:00 DEBUG 20372 --- [backend] [http-nio-8085-exec-8] c.s.b.security.JwtAuthenticationFilter   : Token found in Authorization header
2026-03-02T15:52:32.047-05:00  INFO 20372 --- [backend] [http-nio-8085-exec-9] c.s.b.security.JwtAuthenticationFilter   : JWT validated successfully for user: ASD@gmail.com
2026-03-02T15:52:32.047-05:00  INFO 20372 --- [backend] [http-nio-8085-exec-8] c.s.b.security.JwtAuthenticationFilter   : JWT validated successfully for user: ASD@gmail.com
2026-03-02T15:52:32.161-05:00 DEBUG 20372 --- [backend] [http-nio-8085-exec-9] c.s.b.security.JwtAuthenticationFilter   : User ASD@gmail.com authenticated successfully
2026-03-02T15:52:32.268-05:00 DEBUG 20372 --- [backend] [http-nio-8085-exec-8] c.s.b.security.JwtAuthenticationFilter   : User ASD@gmail.com authenticated successfully
2026-03-02T15:52:49.256-05:00 DEBUG 20372 --- [backend] [http-nio-8085-exec-10] c.s.b.security.JwtAuthenticationFilter   : === JWT FILTER === GET /v1/api/rooms
2026-03-02T15:52:49.258-05:00 DEBUG 20372 --- [backend] [http-nio-8085-exec-10] c.s.b.security.JwtAuthenticationFilter   : Token found in Authorization header
2026-03-02T15:52:49.259-05:00 DEBUG 20372 --- [backend] [http-nio-8085-exec-1] c.s.b.security.JwtAuthenticationFilter   : === JWT FILTER === GET /v1/api/services
2026-03-02T15:52:49.260-05:00 DEBUG 20372 --- [backend] [http-nio-8085-exec-1] c.s.b.security.JwtAuthenticationFilter   : Token found in Authorization header
2026-03-02T15:52:49.262-05:00  INFO 20372 --- [backend] [http-nio-8085-exec-10] c.s.b.security.JwtAuthenticationFilter   : JWT validated successfully for user: ASD@gmail.com
2026-03-02T15:52:49.263-05:00  INFO 20372 --- [backend] [http-nio-8085-exec-1] c.s.b.security.JwtAuthenticationFilter   : JWT validated successfully for user: ASD@gmail.com
2026-03-02T15:52:49.495-05:00 DEBUG 20372 --- [backend] [http-nio-8085-exec-10] c.s.b.security.JwtAuthenticationFilter   : User ASD@gmail.com authenticated successfully
2026-03-02T15:52:49.495-05:00 DEBUG 20372 --- [backend] [http-nio-8085-exec-1] c.s.b.security.JwtAuthenticationFilter   : User ASD@gmail.com authenticated successfully
2026-03-02T15:53:05.194-05:00 DEBUG 20372 --- [backend] [http-nio-8085-exec-3] c.s.b.security.JwtAuthenticationFilter   : === JWT FILTER === POST /v1/api/quotes/estimate
2026-03-02T15:53:05.195-05:00 DEBUG 20372 --- [backend] [http-nio-8085-exec-3] c.s.b.security.JwtAuthenticationFilter   : Token found in Authorization header
2026-03-02T15:53:05.196-05:00  INFO 20372 --- [backend] [http-nio-8085-exec-3] c.s.b.security.JwtAuthenticationFilter   : JWT validated successfully for user: ASD@gmail.com
2026-03-02T15:53:05.422-05:00 DEBUG 20372 --- [backend] [http-nio-8085-exec-3] c.s.b.security.JwtAuthenticationFilter   : User ASD@gmail.com authenticated successfully
2026-03-02T15:55:11.832-05:00 DEBUG 20372 --- [backend] [http-nio-8085-exec-5] c.s.b.security.JwtAuthenticationFilter   : === JWT FILTER === GET /v1/api/products
2026-03-02T15:55:11.833-05:00 DEBUG 20372 --- [backend] [http-nio-8085-exec-5] c.s.b.security.JwtAuthenticationFilter   : Token found in Authorization header
2026-03-02T15:55:11.836-05:00  INFO 20372 --- [backend] [http-nio-8085-exec-5] c.s.b.security.JwtAuthenticationFilter   : JWT validated successfully for user: ASD@gmail.com
2026-03-02T15:55:12.067-05:00 DEBUG 20372 --- [backend] [http-nio-8085-exec-5] c.s.b.security.JwtAuthenticationFilter   : User ASD@gmail.com authenticated successfully
2026-03-02T15:55:47.654-05:00 DEBUG 20372 --- [backend] [http-nio-8085-exec-7] c.s.b.security.JwtAuthenticationFilter   : === JWT FILTER === GET /v1/api/services
2026-03-02T15:55:47.654-05:00 DEBUG 20372 --- [backend] [http-nio-8085-exec-7] c.s.b.security.JwtAuthenticationFilter   : Token found in Authorization header
2026-03-02T15:55:47.657-05:00  INFO 20372 --- [backend] [http-nio-8085-exec-7] c.s.b.security.JwtAuthenticationFilter   : JWT validated successfully for user: ASD@gmail.com
2026-03-02T15:55:47.886-05:00 DEBUG 20372 --- [backend] [http-nio-8085-exec-7] c.s.b.security.JwtAuthenticationFilter   : User ASD@gmail.com authenticated successfully
2026-03-02T15:56:28.926-05:00 DEBUG 20372 --- [backend] [http-nio-8085-exec-9] c.s.b.security.JwtAuthenticationFilter   : === JWT FILTER === GET /v1/api/products
2026-03-02T15:56:28.927-05:00 DEBUG 20372 --- [backend] [http-nio-8085-exec-9] c.s.b.security.JwtAuthenticationFilter   : Token found in Authorization header
2026-03-02T15:56:28.931-05:00  INFO 20372 --- [backend] [http-nio-8085-exec-9] c.s.b.security.JwtAuthenticationFilter   : JWT validated successfully for user: ASD@gmail.com
2026-03-02T15:56:29.164-05:00 DEBUG 20372 --- [backend] [http-nio-8085-exec-9] c.s.b.security.JwtAuthenticationFilter   : User ASD@gmail.com authenticated successfully
2026-03-02T15:56:30.665-05:00 DEBUG 20372 --- [backend] [http-nio-8085-exec-8] c.s.b.security.JwtAuthenticationFilter   : === JWT FILTER === GET /v1/api/services
2026-03-02T15:56:30.667-05:00 DEBUG 20372 --- [backend] [http-nio-8085-exec-8] c.s.b.security.JwtAuthenticationFilter   : Token found in Authorization header
2026-03-02T15:56:30.669-05:00  INFO 20372 --- [backend] [http-nio-8085-exec-8] c.s.b.security.JwtAuthenticationFilter   : JWT validated successfully for user: ASD@gmail.com
2026-03-02T15:56:30.898-05:00 DEBUG 20372 --- [backend] [http-nio-8085-exec-8] c.s.b.security.JwtAuthenticationFilter   : User ASD@gmail.com authenticated successfully
2026-03-02T16:01:47.101-05:00 DEBUG 20372 --- [backend] [http-nio-8085-exec-10] c.s.b.security.JwtAuthenticationFilter   : === JWT FILTER === GET /v1/api/services
2026-03-02T16:01:47.102-05:00 DEBUG 20372 --- [backend] [http-nio-8085-exec-10] c.s.b.security.JwtAuthenticationFilter   : Token found in Authorization header
2026-03-02T16:01:47.103-05:00  INFO 20372 --- [backend] [http-nio-8085-exec-10] c.s.b.security.JwtAuthenticationFilter   : JWT validated successfully for user: ASD@gmail.com
2026-03-02T16:01:47.333-05:00 DEBUG 20372 --- [backend] [http-nio-8085-exec-10] c.s.b.security.JwtAuthenticationFilter   : User ASD@gmail.com authenticated successfully
2026-03-02T16:01:47.471-05:00  WARN 20372 --- [backend] [http-nio-8085-exec-10] o.h.engine.jdbc.spi.SqlExceptionHelper   : SQL Error: 0, SQLState: 42703
2026-03-02T16:01:47.474-05:00 ERROR 20372 --- [backend] [http-nio-8085-exec-10] o.h.engine.jdbc.spi.SqlExceptionHelper   : ERROR: column se1_0.price does not exist
  Position: 106
2026-03-02T16:01:47.498-05:00 ERROR 20372 --- [backend] [http-nio-8085-exec-10] c.s.b.config.GlobalExceptionHandler      : === RUNTIME EXCEPTION ===
2026-03-02T16:01:47.503-05:00 ERROR 20372 --- [backend] [http-nio-8085-exec-10] c.s.b.config.GlobalExceptionHandler      : Error: JDBC exception executing SQL [select se1_0.id_service,se1_0.description,se1_0.duration_minutes,se1_0.gender,se1_0.image_url,se1_0.name,se1_0.price,se1_0.status from services se1_0 where se1_0.status=?] [ERROR: column se1_0.price does not exist
  Position: 106] [n/a]; SQL [n/a]

org.springframework.dao.InvalidDataAccessResourceUsageException: JDBC exception executing SQL [select se1_0.id_service,se1_0.description,se1_0.duration_minutes,se1_0.gender,se1_0.image_url,se1_0.name,se1_0.price,se1_0.status from services se1_0 where se1_0.status=?] [ERROR: column se1_0.price does not exist
  Position: 106] [n/a]; SQL [n/a]
	at org.springframework.orm.jpa.vendor.HibernateJpaDialect.convertHibernateAccessException(HibernateJpaDialect.java:281) ~[spring-orm-6.2.15.jar:6.2.15]
	at org.springframework.orm.jpa.vendor.HibernateJpaDialect.convertHibernateAccessException(HibernateJpaDialect.java:256) ~[spring-orm-6.2.15.jar:6.2.15]
	at org.springframework.orm.jpa.vendor.HibernateJpaDialect.translateExceptionIfPossible(HibernateJpaDialect.java:241) ~[spring-orm-6.2.15.jar:6.2.15]
	at org.springframework.orm.jpa.AbstractEntityManagerFactoryBean.translateExceptionIfPossible(AbstractEntityManagerFactoryBean.java:560) ~[spring-orm-6.2.15.jar:6.2.15]
	at org.springframework.dao.support.ChainedPersistenceExceptionTranslator.translateExceptionIfPossible(ChainedPersistenceExceptionTranslator.java:61) ~[spring-tx-6.2.15.jar:6.2.15]
	at org.springframework.dao.support.DataAccessUtils.translateIfNecessary(DataAccessUtils.java:343) ~[spring-tx-6.2.15.jar:6.2.15]
	at org.springframework.dao.support.PersistenceExceptionTranslationInterceptor.invoke(PersistenceExceptionTranslationInterceptor.java:160) ~[spring-tx-6.2.15.jar:6.2.15]
	at org.springframework.aop.framework.ReflectiveMethodInvocation.proceed(ReflectiveMethodInvocation.java:184) ~[spring-aop-6.2.15.jar:6.2.15]
	at org.springframework.data.jpa.repository.support.CrudMethodMetadataPostProcessor$CrudMethodMetadataPopulatingMethodInterceptor.invoke(CrudMethodMetadataPostProcessor.java:136) ~[spring-data-jpa-3.5.7.jar:3.5.7]
	at org.springframework.aop.framework.ReflectiveMethodInvocation.proceed(ReflectiveMethodInvocation.java:184) ~[spring-aop-6.2.15.jar:6.2.15]
	at org.springframework.aop.framework.JdkDynamicAopProxy.invoke(JdkDynamicAopProxy.java:223) ~[spring-aop-6.2.15.jar:6.2.15]
	at jdk.proxy2/jdk.proxy2.$Proxy150.findByStatus(Unknown Source) ~[na:na]
	at com.spa.backend.service.impl.ServiceServiceImpl.findByStatus(ServiceServiceImpl.java:24) ~[classes/:na]
	at com.spa.backend.rest.ServiceEntityController.list(ServiceEntityController.java:28) ~[classes/:na]
	at jdk.internal.reflect.GeneratedMethodAccessor44.invoke(Unknown Source) ~[na:na]
	at java.base/jdk.internal.reflect.DelegatingMethodAccessorImpl.invoke(DelegatingMethodAccessorImpl.java:43) ~[na:na]
	at java.base/java.lang.reflect.Method.invoke(Method.java:568) ~[na:na]
	at org.springframework.aop.support.AopUtils.invokeJoinpointUsingReflection(AopUtils.java:360) ~[spring-aop-6.2.15.jar:6.2.15]
	at org.springframework.aop.framework.CglibAopProxy$DynamicAdvisedInterceptor.intercept(CglibAopProxy.java:724) ~[spring-aop-6.2.15.jar:6.2.15]
	at com.spa.backend.rest.ServiceEntityController$$SpringCGLIB$$0.list(<generated>) ~[classes/:na]
	at jdk.internal.reflect.GeneratedMethodAccessor44.invoke(Unknown Source) ~[na:na]
	at java.base/jdk.internal.reflect.DelegatingMethodAccessorImpl.invoke(DelegatingMethodAccessorImpl.java:43) ~[na:na]
	at java.base/java.lang.reflect.Method.invoke(Method.java:568) ~[na:na]
	at org.springframework.web.method.support.InvocableHandlerMethod.doInvoke(InvocableHandlerMethod.java:258) ~[spring-web-6.2.15.jar:6.2.15]
	at org.springframework.web.method.support.InvocableHandlerMethod.invokeForRequest(InvocableHandlerMethod.java:191) ~[spring-web-6.2.15.jar:6.2.15]
	at org.springframework.web.servlet.mvc.method.annotation.ServletInvocableHandlerMethod.invokeAndHandle(ServletInvocableHandlerMethod.java:118) ~[spring-webmvc-6.2.15.jar:6.2.15]
	at org.springframework.web.servlet.mvc.method.annotation.RequestMappingHandlerAdapter.invokeHandlerMethod(RequestMappingHandlerAdapter.java:991) ~[spring-webmvc-6.2.15.jar:6.2.15]
	at org.springframework.web.servlet.mvc.method.annotation.RequestMappingHandlerAdapter.handleInternal(RequestMappingHandlerAdapter.java:896) ~[spring-webmvc-6.2.15.jar:6.2.15]
	at org.springframework.web.servlet.mvc.method.AbstractHandlerMethodAdapter.handle(AbstractHandlerMethodAdapter.java:87) ~[spring-webmvc-6.2.15.jar:6.2.15]
	at org.springframework.web.servlet.DispatcherServlet.doDispatch(DispatcherServlet.java:1089) ~[spring-webmvc-6.2.15.jar:6.2.15]
	at org.springframework.web.servlet.DispatcherServlet.doService(DispatcherServlet.java:979) ~[spring-webmvc-6.2.15.jar:6.2.15]
	at org.springframework.web.servlet.FrameworkServlet.processRequest(FrameworkServlet.java:1014) ~[spring-webmvc-6.2.15.jar:6.2.15]
	at org.springframework.web.servlet.FrameworkServlet.doGet(FrameworkServlet.java:903) ~[spring-webmvc-6.2.15.jar:6.2.15]
	at jakarta.servlet.http.HttpServlet.service(HttpServlet.java:564) ~[tomcat-embed-core-10.1.50.jar:6.0]
	at org.springframework.web.servlet.FrameworkServlet.service(FrameworkServlet.java:885) ~[spring-webmvc-6.2.15.jar:6.2.15]
	at jakarta.servlet.http.HttpServlet.service(HttpServlet.java:658) ~[tomcat-embed-core-10.1.50.jar:6.0]
	at org.apache.catalina.core.ApplicationFilterChain.internalDoFilter(ApplicationFilterChain.java:193) ~[tomcat-embed-core-10.1.50.jar:10.1.50]
	at org.apache.catalina.core.ApplicationFilterChain.doFilter(ApplicationFilterChain.java:138) ~[tomcat-embed-core-10.1.50.jar:10.1.50]
	at org.apache.tomcat.websocket.server.WsFilter.doFilter(WsFilter.java:51) ~[tomcat-embed-websocket-10.1.50.jar:10.1.50]
	at org.apache.catalina.core.ApplicationFilterChain.internalDoFilter(ApplicationFilterChain.java:162) ~[tomcat-embed-core-10.1.50.jar:10.1.50]
	at org.apache.catalina.core.ApplicationFilterChain.doFilter(ApplicationFilterChain.java:138) ~[tomcat-embed-core-10.1.50.jar:10.1.50]
	at org.springframework.web.filter.OncePerRequestFilter.doFilter(OncePerRequestFilter.java:110) ~[spring-web-6.2.15.jar:6.2.15]
	at org.apache.catalina.core.ApplicationFilterChain.internalDoFilter(ApplicationFilterChain.java:162) ~[tomcat-embed-core-10.1.50.jar:10.1.50]
	at org.apache.catalina.core.ApplicationFilterChain.doFilter(ApplicationFilterChain.java:138) ~[tomcat-embed-core-10.1.50.jar:10.1.50]
	at org.springframework.web.filter.CompositeFilter$VirtualFilterChain.doFilter(CompositeFilter.java:108) ~[spring-web-6.2.15.jar:6.2.15]
	at org.springframework.web.filter.CompositeFilter$VirtualFilterChain.doFilter(CompositeFilter.java:108) ~[spring-web-6.2.15.jar:6.2.15]
	at org.springframework.security.web.FilterChainProxy.lambda$doFilterInternal$3(FilterChainProxy.java:231) ~[spring-security-web-6.5.7.jar:6.5.7]
	at org.springframework.security.web.FilterChainProxy$VirtualFilterChain.doFilter(FilterChainProxy.java:365) ~[spring-security-web-6.5.7.jar:6.5.7]
	at org.springframework.security.web.access.intercept.AuthorizationFilter.doFilter(AuthorizationFilter.java:101) ~[spring-security-web-6.5.7.jar:6.5.7]
	at org.springframework.security.web.FilterChainProxy$VirtualFilterChain.doFilter(FilterChainProxy.java:374) ~[spring-security-web-6.5.7.jar:6.5.7]
	at org.springframework.security.web.access.ExceptionTranslationFilter.doFilter(ExceptionTranslationFilter.java:125) ~[spring-security-web-6.5.7.jar:6.5.7]
	at org.springframework.security.web.access.ExceptionTranslationFilter.doFilter(ExceptionTranslationFilter.java:119) ~[spring-security-web-6.5.7.jar:6.5.7]
	at org.springframework.security.web.FilterChainProxy$VirtualFilterChain.doFilter(FilterChainProxy.java:374) ~[spring-security-web-6.5.7.jar:6.5.7]
	at org.springframework.security.web.session.SessionManagementFilter.doFilter(SessionManagementFilter.java:131) ~[spring-security-web-6.5.7.jar:6.5.7]
	at org.springframework.security.web.session.SessionManagementFilter.doFilter(SessionManagementFilter.java:85) ~[spring-security-web-6.5.7.jar:6.5.7]
	at org.springframework.security.web.FilterChainProxy$VirtualFilterChain.doFilter(FilterChainProxy.java:374) ~[spring-security-web-6.5.7.jar:6.5.7]
	at org.springframework.security.web.authentication.AnonymousAuthenticationFilter.doFilter(AnonymousAuthenticationFilter.java:100) ~[spring-security-web-6.5.7.jar:6.5.7]
	at org.springframework.security.web.FilterChainProxy$VirtualFilterChain.doFilter(FilterChainProxy.java:374) ~[spring-security-web-6.5.7.jar:6.5.7]
	at org.springframework.security.web.servletapi.SecurityContextHolderAwareRequestFilter.doFilter(SecurityContextHolderAwareRequestFilter.java:179) ~[spring-security-web-6.5.7.jar:6.5.7]
	at org.springframework.security.web.FilterChainProxy$VirtualFilterChain.doFilter(FilterChainProxy.java:374) ~[spring-security-web-6.5.7.jar:6.5.7]
	at org.springframework.security.web.savedrequest.RequestCacheAwareFilter.doFilter(RequestCacheAwareFilter.java:63) ~[spring-security-web-6.5.7.jar:6.5.7]
	at org.springframework.security.web.FilterChainProxy$VirtualFilterChain.doFilter(FilterChainProxy.java:374) ~[spring-security-web-6.5.7.jar:6.5.7]
	at com.spa.backend.security.JwtAuthenticationFilter.doFilterInternal(JwtAuthenticationFilter.java:61) ~[classes/:na]
	at org.springframework.web.filter.OncePerRequestFilter.doFilter(OncePerRequestFilter.java:116) ~[spring-web-6.2.15.jar:6.2.15]
	at org.springframework.security.web.FilterChainProxy$VirtualFilterChain.doFilter(FilterChainProxy.java:374) ~[spring-security-web-6.5.7.jar:6.5.7]
	at org.springframework.security.web.authentication.AbstractAuthenticationProcessingFilter.doFilter(AbstractAuthenticationProcessingFilter.java:235) ~[spring-security-web-6.5.7.jar:6.5.7]
	at org.springframework.security.web.authentication.AbstractAuthenticationProcessingFilter.doFilter(AbstractAuthenticationProcessingFilter.java:229) ~[spring-security-web-6.5.7.jar:6.5.7]
	at org.springframework.security.web.FilterChainProxy$VirtualFilterChain.doFilter(FilterChainProxy.java:374) ~[spring-security-web-6.5.7.jar:6.5.7]
	at org.springframework.security.oauth2.client.web.OAuth2AuthorizationRequestRedirectFilter.doFilterInternal(OAuth2AuthorizationRequestRedirectFilter.java:198) ~[spring-security-oauth2-client-6.5.7.jar:6.5.7]
	at org.springframework.web.filter.OncePerRequestFilter.doFilter(OncePerRequestFilter.java:116) ~[spring-web-6.2.15.jar:6.2.15]
	at org.springframework.security.web.FilterChainProxy$VirtualFilterChain.doFilter(FilterChainProxy.java:374) ~[spring-security-web-6.5.7.jar:6.5.7]
	at org.springframework.security.web.authentication.logout.LogoutFilter.doFilter(LogoutFilter.java:107) ~[spring-security-web-6.5.7.jar:6.5.7]
	at org.springframework.security.web.authentication.logout.LogoutFilter.doFilter(LogoutFilter.java:93) ~[spring-security-web-6.5.7.jar:6.5.7]
	at org.springframework.security.web.FilterChainProxy$VirtualFilterChain.doFilter(FilterChainProxy.java:374) ~[spring-security-web-6.5.7.jar:6.5.7]
	at org.springframework.web.filter.CorsFilter.doFilterInternal(CorsFilter.java:91) ~[spring-web-6.2.15.jar:6.2.15]
	at org.springframework.web.filter.OncePerRequestFilter.doFilter(OncePerRequestFilter.java:116) ~[spring-web-6.2.15.jar:6.2.15]
	at org.springframework.security.web.FilterChainProxy$VirtualFilterChain.doFilter(FilterChainProxy.java:374) ~[spring-security-web-6.5.7.jar:6.5.7]
	at org.springframework.security.web.header.HeaderWriterFilter.doHeadersAfter(HeaderWriterFilter.java:90) ~[spring-security-web-6.5.7.jar:6.5.7]
	at org.springframework.security.web.header.HeaderWriterFilter.doFilterInternal(HeaderWriterFilter.java:75) ~[spring-security-web-6.5.7.jar:6.5.7]
	at org.springframework.web.filter.OncePerRequestFilter.doFilter(OncePerRequestFilter.java:116) ~[spring-web-6.2.15.jar:6.2.15]
	at org.springframework.security.web.FilterChainProxy$VirtualFilterChain.doFilter(FilterChainProxy.java:374) ~[spring-security-web-6.5.7.jar:6.5.7]
	at org.springframework.security.web.context.SecurityContextHolderFilter.doFilter(SecurityContextHolderFilter.java:82) ~[spring-security-web-6.5.7.jar:6.5.7]
	at org.springframework.security.web.context.SecurityContextHolderFilter.doFilter(SecurityContextHolderFilter.java:69) ~[spring-security-web-6.5.7.jar:6.5.7]
	at org.springframework.security.web.FilterChainProxy$VirtualFilterChain.doFilter(FilterChainProxy.java:374) ~[spring-security-web-6.5.7.jar:6.5.7]
	at org.springframework.security.web.context.request.async.WebAsyncManagerIntegrationFilter.doFilterInternal(WebAsyncManagerIntegrationFilter.java:62) ~[spring-security-web-6.5.7.jar:6.5.7]
	at org.springframework.web.filter.OncePerRequestFilter.doFilter(OncePerRequestFilter.java:116) ~[spring-web-6.2.15.jar:6.2.15]
	at org.springframework.security.web.FilterChainProxy$VirtualFilterChain.doFilter(FilterChainProxy.java:374) ~[spring-security-web-6.5.7.jar:6.5.7]
	at org.springframework.security.web.session.DisableEncodeUrlFilter.doFilterInternal(DisableEncodeUrlFilter.java:42) ~[spring-security-web-6.5.7.jar:6.5.7]
	at org.springframework.web.filter.OncePerRequestFilter.doFilter(OncePerRequestFilter.java:116) ~[spring-web-6.2.15.jar:6.2.15]
	at org.springframework.security.web.FilterChainProxy$VirtualFilterChain.doFilter(FilterChainProxy.java:374) ~[spring-security-web-6.5.7.jar:6.5.7]
	at org.springframework.security.web.FilterChainProxy.doFilterInternal(FilterChainProxy.java:233) ~[spring-security-web-6.5.7.jar:6.5.7]
	at org.springframework.security.web.FilterChainProxy.doFilter(FilterChainProxy.java:191) ~[spring-security-web-6.5.7.jar:6.5.7]
	at org.springframework.web.filter.CompositeFilter$VirtualFilterChain.doFilter(CompositeFilter.java:113) ~[spring-web-6.2.15.jar:6.2.15]
	at org.springframework.web.filter.ServletRequestPathFilter.doFilter(ServletRequestPathFilter.java:52) ~[spring-web-6.2.15.jar:6.2.15]
	at org.springframework.web.filter.CompositeFilter$VirtualFilterChain.doFilter(CompositeFilter.java:113) ~[spring-web-6.2.15.jar:6.2.15]
	at org.springframework.web.filter.CompositeFilter.doFilter(CompositeFilter.java:74) ~[spring-web-6.2.15.jar:6.2.15]
	at org.springframework.security.config.annotation.web.configuration.WebSecurityConfiguration$CompositeFilterChainProxy.doFilter(WebSecurityConfiguration.java:319) ~[spring-security-config-6.5.7.jar:6.5.7]
	at org.springframework.web.filter.CompositeFilter$VirtualFilterChain.doFilter(CompositeFilter.java:113) ~[spring-web-6.2.15.jar:6.2.15]
	at org.springframework.web.servlet.handler.HandlerMappingIntrospector.lambda$createCacheFilter$4(HandlerMappingIntrospector.java:267) ~[spring-webmvc-6.2.15.jar:6.2.15]
	at org.springframework.web.filter.CompositeFilter$VirtualFilterChain.doFilter(CompositeFilter.java:113) ~[spring-web-6.2.15.jar:6.2.15]
	at org.springframework.web.filter.CompositeFilter.doFilter(CompositeFilter.java:74) ~[spring-web-6.2.15.jar:6.2.15]
	at org.springframework.security.config.annotation.web.configuration.WebMvcSecurityConfiguration$CompositeFilterChainProxy.doFilter(WebMvcSecurityConfiguration.java:240) ~[spring-security-config-6.5.7.jar:6.5.7]
	at org.springframework.web.filter.DelegatingFilterProxy.invokeDelegate(DelegatingFilterProxy.java:362) ~[spring-web-6.2.15.jar:6.2.15]
	at org.springframework.web.filter.DelegatingFilterProxy.doFilter(DelegatingFilterProxy.java:278) ~[spring-web-6.2.15.jar:6.2.15]
	at org.apache.catalina.core.ApplicationFilterChain.internalDoFilter(ApplicationFilterChain.java:162) ~[tomcat-embed-core-10.1.50.jar:10.1.50]
	at org.apache.catalina.core.ApplicationFilterChain.doFilter(ApplicationFilterChain.java:138) ~[tomcat-embed-core-10.1.50.jar:10.1.50]
	at org.springframework.web.filter.RequestContextFilter.doFilterInternal(RequestContextFilter.java:100) ~[spring-web-6.2.15.jar:6.2.15]
	at org.springframework.web.filter.OncePerRequestFilter.doFilter(OncePerRequestFilter.java:116) ~[spring-web-6.2.15.jar:6.2.15]
	at org.apache.catalina.core.ApplicationFilterChain.internalDoFilter(ApplicationFilterChain.java:162) ~[tomcat-embed-core-10.1.50.jar:10.1.50]
	at org.apache.catalina.core.ApplicationFilterChain.doFilter(ApplicationFilterChain.java:138) ~[tomcat-embed-core-10.1.50.jar:10.1.50]
	at org.springframework.web.filter.FormContentFilter.doFilterInternal(FormContentFilter.java:93) ~[spring-web-6.2.15.jar:6.2.15]
	at org.springframework.web.filter.OncePerRequestFilter.doFilter(OncePerRequestFilter.java:116) ~[spring-web-6.2.15.jar:6.2.15]
	at org.apache.catalina.core.ApplicationFilterChain.internalDoFilter(ApplicationFilterChain.java:162) ~[tomcat-embed-core-10.1.50.jar:10.1.50]
	at org.apache.catalina.core.ApplicationFilterChain.doFilter(ApplicationFilterChain.java:138) ~[tomcat-embed-core-10.1.50.jar:10.1.50]
	at org.springframework.web.filter.CharacterEncodingFilter.doFilterInternal(CharacterEncodingFilter.java:201) ~[spring-web-6.2.15.jar:6.2.15]
	at org.springframework.web.filter.OncePerRequestFilter.doFilter(OncePerRequestFilter.java:116) ~[spring-web-6.2.15.jar:6.2.15]
	at org.apache.catalina.core.ApplicationFilterChain.internalDoFilter(ApplicationFilterChain.java:162) ~[tomcat-embed-core-10.1.50.jar:10.1.50]
	at org.apache.catalina.core.ApplicationFilterChain.doFilter(ApplicationFilterChain.java:138) ~[tomcat-embed-core-10.1.50.jar:10.1.50]
	at org.apache.catalina.core.StandardWrapperValve.invoke(StandardWrapperValve.java:165) ~[tomcat-embed-core-10.1.50.jar:10.1.50]
	at org.apache.catalina.core.StandardContextValve.invoke(StandardContextValve.java:88) ~[tomcat-embed-core-10.1.50.jar:10.1.50]
	at org.apache.catalina.authenticator.AuthenticatorBase.invoke(AuthenticatorBase.java:482) ~[tomcat-embed-core-10.1.50.jar:10.1.50]
	at org.apache.catalina.core.StandardHostValve.invoke(StandardHostValve.java:113) ~[tomcat-embed-core-10.1.50.jar:10.1.50]
	at org.apache.catalina.valves.ErrorReportValve.invoke(ErrorReportValve.java:83) ~[tomcat-embed-core-10.1.50.jar:10.1.50]
	at org.apache.catalina.core.StandardEngineValve.invoke(StandardEngineValve.java:72) ~[tomcat-embed-core-10.1.50.jar:10.1.50]
	at org.apache.catalina.connector.CoyoteAdapter.service(CoyoteAdapter.java:342) ~[tomcat-embed-core-10.1.50.jar:10.1.50]
	at org.apache.coyote.http11.Http11Processor.service(Http11Processor.java:399) ~[tomcat-embed-core-10.1.50.jar:10.1.50]
	at org.apache.coyote.AbstractProcessorLight.process(AbstractProcessorLight.java:63) ~[tomcat-embed-core-10.1.50.jar:10.1.50]
	at org.apache.coyote.AbstractProtocol$ConnectionHandler.process(AbstractProtocol.java:903) ~[tomcat-embed-core-10.1.50.jar:10.1.50]
	at org.apache.tomcat.util.net.NioEndpoint$SocketProcessor.doRun(NioEndpoint.java:1774) ~[tomcat-embed-core-10.1.50.jar:10.1.50]
	at org.apache.tomcat.util.net.SocketProcessorBase.run(SocketProcessorBase.java:52) ~[tomcat-embed-core-10.1.50.jar:10.1.50]
	at org.apache.tomcat.util.threads.ThreadPoolExecutor.runWorker(ThreadPoolExecutor.java:973) ~[tomcat-embed-core-10.1.50.jar:10.1.50]
	at org.apache.tomcat.util.threads.ThreadPoolExecutor$Worker.run(ThreadPoolExecutor.java:491) ~[tomcat-embed-core-10.1.50.jar:10.1.50]
	at org.apache.tomcat.util.threads.TaskThread$WrappingRunnable.run(TaskThread.java:63) ~[tomcat-embed-core-10.1.50.jar:10.1.50]
	at java.base/java.lang.Thread.run(Thread.java:842) ~[na:na]
Caused by: org.hibernate.exception.SQLGrammarException: JDBC exception executing SQL [select se1_0.id_service,se1_0.description,se1_0.duration_minutes,se1_0.gender,se1_0.image_url,se1_0.name,se1_0.price,se1_0.status from services se1_0 where se1_0.status=?] [ERROR: column se1_0.price does not exist
  Position: 106] [n/a]
	at org.hibernate.exception.internal.SQLStateConversionDelegate.convert(SQLStateConversionDelegate.java:91) ~[hibernate-core-6.6.39.Final.jar:6.6.39.Final]
	at org.hibernate.exception.internal.StandardSQLExceptionConverter.convert(StandardSQLExceptionConverter.java:58) ~[hibernate-core-6.6.39.Final.jar:6.6.39.Final]
	at org.hibernate.engine.jdbc.spi.SqlExceptionHelper.convert(SqlExceptionHelper.java:108) ~[hibernate-core-6.6.39.Final.jar:6.6.39.Final]
	at org.hibernate.engine.jdbc.spi.SqlExceptionHelper.convert(SqlExceptionHelper.java:94) ~[hibernate-core-6.6.39.Final.jar:6.6.39.Final]
	at org.hibernate.sql.results.jdbc.internal.DeferredResultSetAccess.executeQuery(DeferredResultSetAccess.java:269) ~[hibernate-core-6.6.39.Final.jar:6.6.39.Final]
	at org.hibernate.sql.results.jdbc.internal.DeferredResultSetAccess.getResultSet(DeferredResultSetAccess.java:172) ~[hibernate-core-6.6.39.Final.jar:6.6.39.Final]
	at org.hibernate.sql.results.jdbc.internal.JdbcValuesResultSetImpl.<init>(JdbcValuesResultSetImpl.java:74) ~[hibernate-core-6.6.39.Final.jar:6.6.39.Final]
	at org.hibernate.sql.exec.internal.JdbcSelectExecutorStandardImpl.resolveJdbcValuesSource(JdbcSelectExecutorStandardImpl.java:355) ~[hibernate-core-6.6.39.Final.jar:6.6.39.Final]
	at org.hibernate.sql.exec.internal.JdbcSelectExecutorStandardImpl.doExecuteQuery(JdbcSelectExecutorStandardImpl.java:137) ~[hibernate-core-6.6.39.Final.jar:6.6.39.Final]
	at org.hibernate.sql.exec.internal.JdbcSelectExecutorStandardImpl.executeQuery(JdbcSelectExecutorStandardImpl.java:102) ~[hibernate-core-6.6.39.Final.jar:6.6.39.Final]
	at org.hibernate.sql.exec.spi.JdbcSelectExecutor.executeQuery(JdbcSelectExecutor.java:91) ~[hibernate-core-6.6.39.Final.jar:6.6.39.Final]
	at org.hibernate.sql.exec.spi.JdbcSelectExecutor.list(JdbcSelectExecutor.java:165) ~[hibernate-core-6.6.39.Final.jar:6.6.39.Final]
	at org.hibernate.query.sqm.internal.ConcreteSqmSelectQueryPlan.lambda$new$1(ConcreteSqmSelectQueryPlan.java:149) ~[hibernate-core-6.6.39.Final.jar:6.6.39.Final]
	at org.hibernate.query.sqm.internal.ConcreteSqmSelectQueryPlan.withCacheableSqmInterpretation(ConcreteSqmSelectQueryPlan.java:439) ~[hibernate-core-6.6.39.Final.jar:6.6.39.Final]
	at org.hibernate.query.sqm.internal.ConcreteSqmSelectQueryPlan.performList(ConcreteSqmSelectQueryPlan.java:359) ~[hibernate-core-6.6.39.Final.jar:6.6.39.Final]
	at org.hibernate.query.sqm.internal.QuerySqmImpl.doList(QuerySqmImpl.java:364) ~[hibernate-core-6.6.39.Final.jar:6.6.39.Final]
	at org.hibernate.query.spi.AbstractSelectionQuery.list(AbstractSelectionQuery.java:143) ~[hibernate-core-6.6.39.Final.jar:6.6.39.Final]
	at org.hibernate.query.Query.getResultList(Query.java:120) ~[hibernate-core-6.6.39.Final.jar:6.6.39.Final]
	at org.springframework.data.jpa.repository.query.JpaQueryExecution$CollectionExecution.doExecute(JpaQueryExecution.java:132) ~[spring-data-jpa-3.5.7.jar:3.5.7]
	at org.springframework.data.jpa.repository.query.JpaQueryExecution.execute(JpaQueryExecution.java:95) ~[spring-data-jpa-3.5.7.jar:3.5.7]
	at org.springframework.data.jpa.repository.query.AbstractJpaQuery.doExecute(AbstractJpaQuery.java:160) ~[spring-data-jpa-3.5.7.jar:3.5.7]
	at org.springframework.data.jpa.repository.query.AbstractJpaQuery.execute(AbstractJpaQuery.java:148) ~[spring-data-jpa-3.5.7.jar:3.5.7]
	at org.springframework.data.repository.core.support.RepositoryMethodInvoker.doInvoke(RepositoryMethodInvoker.java:170) ~[spring-data-commons-3.5.7.jar:3.5.7]
	at org.springframework.data.repository.core.support.RepositoryMethodInvoker.invoke(RepositoryMethodInvoker.java:158) ~[spring-data-commons-3.5.7.jar:3.5.7]
	at org.springframework.data.repository.core.support.QueryExecutorMethodInterceptor.doInvoke(QueryExecutorMethodInterceptor.java:170) ~[spring-data-commons-3.5.7.jar:3.5.7]
	at org.springframework.data.repository.core.support.QueryExecutorMethodInterceptor.invoke(QueryExecutorMethodInterceptor.java:149) ~[spring-data-commons-3.5.7.jar:3.5.7]
	at org.springframework.aop.framework.ReflectiveMethodInvocation.proceed(ReflectiveMethodInvocation.java:184) ~[spring-aop-6.2.15.jar:6.2.15]
	at org.springframework.data.projection.DefaultMethodInvokingMethodInterceptor.invoke(DefaultMethodInvokingMethodInterceptor.java:69) ~[spring-data-commons-3.5.7.jar:3.5.7]
	at org.springframework.aop.framework.ReflectiveMethodInvocation.proceed(ReflectiveMethodInvocation.java:184) ~[spring-aop-6.2.15.jar:6.2.15]
	at org.springframework.transaction.interceptor.TransactionAspectSupport.invokeWithinTransaction(TransactionAspectSupport.java:380) ~[spring-tx-6.2.15.jar:6.2.15]
	at org.springframework.transaction.interceptor.TransactionInterceptor.invoke(TransactionInterceptor.java:119) ~[spring-tx-6.2.15.jar:6.2.15]
	at org.springframework.aop.framework.ReflectiveMethodInvocation.proceed(ReflectiveMethodInvocation.java:184) ~[spring-aop-6.2.15.jar:6.2.15]
	at org.springframework.dao.support.PersistenceExceptionTranslationInterceptor.invoke(PersistenceExceptionTranslationInterceptor.java:138) ~[spring-tx-6.2.15.jar:6.2.15]
	... 127 common frames omitted
Caused by: org.postgresql.util.PSQLException: ERROR: column se1_0.price does not exist
  Position: 106
	at org.postgresql.core.v3.QueryExecutorImpl.receiveErrorResponse(QueryExecutorImpl.java:2725) ~[postgresql-42.7.3.jar:42.7.3]
	at org.postgresql.core.v3.QueryExecutorImpl.processResults(QueryExecutorImpl.java:2412) ~[postgresql-42.7.3.jar:42.7.3]
	at org.postgresql.core.v3.QueryExecutorImpl.execute(QueryExecutorImpl.java:371) ~[postgresql-42.7.3.jar:42.7.3]
	at org.postgresql.jdbc.PgStatement.executeInternal(PgStatement.java:502) ~[postgresql-42.7.3.jar:42.7.3]
	at org.postgresql.jdbc.PgStatement.execute(PgStatement.java:419) ~[postgresql-42.7.3.jar:42.7.3]
	at org.postgresql.jdbc.PgPreparedStatement.executeWithFlags(PgPreparedStatement.java:194) ~[postgresql-42.7.3.jar:42.7.3]
	at org.postgresql.jdbc.PgPreparedStatement.executeQuery(PgPreparedStatement.java:137) ~[postgresql-42.7.3.jar:42.7.3]
	at com.zaxxer.hikari.pool.ProxyPreparedStatement.executeQuery(ProxyPreparedStatement.java:52) ~[HikariCP-6.3.3.jar:na]
	at com.zaxxer.hikari.pool.HikariProxyPreparedStatement.executeQuery(HikariProxyPreparedStatement.java) ~[HikariCP-6.3.3.jar:na]
	at org.hibernate.sql.results.jdbc.internal.DeferredResultSetAccess.executeQuery(DeferredResultSetAccess.java:251) ~[hibernate-core-6.6.39.Final.jar:6.6.39.Final]
	... 155 common frames omitted

2026-03-02T16:03:23.565-05:00 DEBUG 20372 --- [backend] [http-nio-8085-exec-2] c.s.b.security.JwtAuthenticationFilter   : === JWT FILTER === GET /v1/api/services
2026-03-02T16:03:23.566-05:00 DEBUG 20372 --- [backend] [http-nio-8085-exec-2] c.s.b.security.JwtAuthenticationFilter   : Token found in Authorization header
2026-03-02T16:03:23.570-05:00  INFO 20372 --- [backend] [http-nio-8085-exec-2] c.s.b.security.JwtAuthenticationFilter   : JWT validated successfully for user: ASD@gmail.com
2026-03-02T16:03:23.794-05:00 DEBUG 20372 --- [backend] [http-nio-8085-exec-2] c.s.b.security.JwtAuthenticationFilter   : User ASD@gmail.com authenticated successfully
2026-03-02T16:03:23.910-05:00  WARN 20372 --- [backend] [http-nio-8085-exec-2] o.h.engine.jdbc.spi.SqlExceptionHelper   : SQL Error: 0, SQLState: 42703
2026-03-02T16:03:23.910-05:00 ERROR 20372 --- [backend] [http-nio-8085-exec-2] o.h.engine.jdbc.spi.SqlExceptionHelper   : ERROR: column se1_0.price does not exist
  Position: 106
2026-03-02T16:03:23.912-05:00 ERROR 20372 --- [backend] [http-nio-8085-exec-2] c.s.b.config.GlobalExceptionHandler      : === RUNTIME EXCEPTION ===
2026-03-02T16:03:23.912-05:00 ERROR 20372 --- [backend] [http-nio-8085-exec-2] c.s.b.config.GlobalExceptionHandler      : Error: JDBC exception executing SQL [select se1_0.id_service,se1_0.description,se1_0.duration_minutes,se1_0.gender,se1_0.image_url,se1_0.name,se1_0.price,se1_0.status from services se1_0 where se1_0.status=?] [ERROR: column se1_0.price does not exist
  Position: 106] [n/a]; SQL [n/a]

org.springframework.dao.InvalidDataAccessResourceUsageException: JDBC exception executing SQL [select se1_0.id_service,se1_0.description,se1_0.duration_minutes,se1_0.gender,se1_0.image_url,se1_0.name,se1_0.price,se1_0.status from services se1_0 where se1_0.status=?] [ERROR: column se1_0.price does not exist
  Position: 106] [n/a]; SQL [n/a]
	at org.springframework.orm.jpa.vendor.HibernateJpaDialect.convertHibernateAccessException(HibernateJpaDialect.java:281) ~[spring-orm-6.2.15.jar:6.2.15]
	at org.springframework.orm.jpa.vendor.HibernateJpaDialect.convertHibernateAccessException(HibernateJpaDialect.java:256) ~[spring-orm-6.2.15.jar:6.2.15]
	at org.springframework.orm.jpa.vendor.HibernateJpaDialect.translateExceptionIfPossible(HibernateJpaDialect.java:241) ~[spring-orm-6.2.15.jar:6.2.15]
	at org.springframework.orm.jpa.AbstractEntityManagerFactoryBean.translateExceptionIfPossible(AbstractEntityManagerFactoryBean.java:560) ~[spring-orm-6.2.15.jar:6.2.15]
	at org.springframework.dao.support.ChainedPersistenceExceptionTranslator.translateExceptionIfPossible(ChainedPersistenceExceptionTranslator.java:61) ~[spring-tx-6.2.15.jar:6.2.15]
	at org.springframework.dao.support.DataAccessUtils.translateIfNecessary(DataAccessUtils.java:343) ~[spring-tx-6.2.15.jar:6.2.15]
	at org.springframework.dao.support.PersistenceExceptionTranslationInterceptor.invoke(PersistenceExceptionTranslationInterceptor.java:160) ~[spring-tx-6.2.15.jar:6.2.15]
	at org.springframework.aop.framework.ReflectiveMethodInvocation.proceed(ReflectiveMethodInvocation.java:184) ~[spring-aop-6.2.15.jar:6.2.15]
	at org.springframework.data.jpa.repository.support.CrudMethodMetadataPostProcessor$CrudMethodMetadataPopulatingMethodInterceptor.invoke(CrudMethodMetadataPostProcessor.java:136) ~[spring-data-jpa-3.5.7.jar:3.5.7]
	at org.springframework.aop.framework.ReflectiveMethodInvocation.proceed(ReflectiveMethodInvocation.java:184) ~[spring-aop-6.2.15.jar:6.2.15]
	at org.springframework.aop.framework.JdkDynamicAopProxy.invoke(JdkDynamicAopProxy.java:223) ~[spring-aop-6.2.15.jar:6.2.15]
	at jdk.proxy2/jdk.proxy2.$Proxy150.findByStatus(Unknown Source) ~[na:na]
	at com.spa.backend.service.impl.ServiceServiceImpl.findByStatus(ServiceServiceImpl.java:24) ~[classes/:na]
	at com.spa.backend.rest.ServiceEntityController.list(ServiceEntityController.java:28) ~[classes/:na]
	at jdk.internal.reflect.GeneratedMethodAccessor44.invoke(Unknown Source) ~[na:na]
	at java.base/jdk.internal.reflect.DelegatingMethodAccessorImpl.invoke(DelegatingMethodAccessorImpl.java:43) ~[na:na]
	at java.base/java.lang.reflect.Method.invoke(Method.java:568) ~[na:na]
	at org.springframework.aop.support.AopUtils.invokeJoinpointUsingReflection(AopUtils.java:360) ~[spring-aop-6.2.15.jar:6.2.15]
	at org.springframework.aop.framework.CglibAopProxy$DynamicAdvisedInterceptor.intercept(CglibAopProxy.java:724) ~[spring-aop-6.2.15.jar:6.2.15]
	at com.spa.backend.rest.ServiceEntityController$$SpringCGLIB$$0.list(<generated>) ~[classes/:na]
	at jdk.internal.reflect.GeneratedMethodAccessor44.invoke(Unknown Source) ~[na:na]
	at java.base/jdk.internal.reflect.DelegatingMethodAccessorImpl.invoke(DelegatingMethodAccessorImpl.java:43) ~[na:na]
	at java.base/java.lang.reflect.Method.invoke(Method.java:568) ~[na:na]
	at org.springframework.web.method.support.InvocableHandlerMethod.doInvoke(InvocableHandlerMethod.java:258) ~[spring-web-6.2.15.jar:6.2.15]
	at org.springframework.web.method.support.InvocableHandlerMethod.invokeForRequest(InvocableHandlerMethod.java:191) ~[spring-web-6.2.15.jar:6.2.15]
	at org.springframework.web.servlet.mvc.method.annotation.ServletInvocableHandlerMethod.invokeAndHandle(ServletInvocableHandlerMethod.java:118) ~[spring-webmvc-6.2.15.jar:6.2.15]
	at org.springframework.web.servlet.mvc.method.annotation.RequestMappingHandlerAdapter.invokeHandlerMethod(RequestMappingHandlerAdapter.java:991) ~[spring-webmvc-6.2.15.jar:6.2.15]
	at org.springframework.web.servlet.mvc.method.annotation.RequestMappingHandlerAdapter.handleInternal(RequestMappingHandlerAdapter.java:896) ~[spring-webmvc-6.2.15.jar:6.2.15]
	at org.springframework.web.servlet.mvc.method.AbstractHandlerMethodAdapter.handle(AbstractHandlerMethodAdapter.java:87) ~[spring-webmvc-6.2.15.jar:6.2.15]
	at org.springframework.web.servlet.DispatcherServlet.doDispatch(DispatcherServlet.java:1089) ~[spring-webmvc-6.2.15.jar:6.2.15]
	at org.springframework.web.servlet.DispatcherServlet.doService(DispatcherServlet.java:979) ~[spring-webmvc-6.2.15.jar:6.2.15]
	at org.springframework.web.servlet.FrameworkServlet.processRequest(FrameworkServlet.java:1014) ~[spring-webmvc-6.2.15.jar:6.2.15]
	at org.springframework.web.servlet.FrameworkServlet.doGet(FrameworkServlet.java:903) ~[spring-webmvc-6.2.15.jar:6.2.15]
	at jakarta.servlet.http.HttpServlet.service(HttpServlet.java:564) ~[tomcat-embed-core-10.1.50.jar:6.0]
	at org.springframework.web.servlet.FrameworkServlet.service(FrameworkServlet.java:885) ~[spring-webmvc-6.2.15.jar:6.2.15]
	at jakarta.servlet.http.HttpServlet.service(HttpServlet.java:658) ~[tomcat-embed-core-10.1.50.jar:6.0]
	at org.apache.catalina.core.ApplicationFilterChain.internalDoFilter(ApplicationFilterChain.java:193) ~[tomcat-embed-core-10.1.50.jar:10.1.50]
	at org.apache.catalina.core.ApplicationFilterChain.doFilter(ApplicationFilterChain.java:138) ~[tomcat-embed-core-10.1.50.jar:10.1.50]
	at org.apache.tomcat.websocket.server.WsFilter.doFilter(WsFilter.java:51) ~[tomcat-embed-websocket-10.1.50.jar:10.1.50]
	at org.apache.catalina.core.ApplicationFilterChain.internalDoFilter(ApplicationFilterChain.java:162) ~[tomcat-embed-core-10.1.50.jar:10.1.50]
	at org.apache.catalina.core.ApplicationFilterChain.doFilter(ApplicationFilterChain.java:138) ~[tomcat-embed-core-10.1.50.jar:10.1.50]
	at org.springframework.web.filter.OncePerRequestFilter.doFilter(OncePerRequestFilter.java:110) ~[spring-web-6.2.15.jar:6.2.15]
	at org.apache.catalina.core.ApplicationFilterChain.internalDoFilter(ApplicationFilterChain.java:162) ~[tomcat-embed-core-10.1.50.jar:10.1.50]
	at org.apache.catalina.core.ApplicationFilterChain.doFilter(ApplicationFilterChain.java:138) ~[tomcat-embed-core-10.1.50.jar:10.1.50]
	at org.springframework.web.filter.CompositeFilter$VirtualFilterChain.doFilter(CompositeFilter.java:108) ~[spring-web-6.2.15.jar:6.2.15]
	at org.springframework.web.filter.CompositeFilter$VirtualFilterChain.doFilter(CompositeFilter.java:108) ~[spring-web-6.2.15.jar:6.2.15]
	at org.springframework.security.web.FilterChainProxy.lambda$doFilterInternal$3(FilterChainProxy.java:231) ~[spring-security-web-6.5.7.jar:6.5.7]
	at org.springframework.security.web.FilterChainProxy$VirtualFilterChain.doFilter(FilterChainProxy.java:365) ~[spring-security-web-6.5.7.jar:6.5.7]
	at org.springframework.security.web.access.intercept.AuthorizationFilter.doFilter(AuthorizationFilter.java:101) ~[spring-security-web-6.5.7.jar:6.5.7]
	at org.springframework.security.web.FilterChainProxy$VirtualFilterChain.doFilter(FilterChainProxy.java:374) ~[spring-security-web-6.5.7.jar:6.5.7]
	at org.springframework.security.web.access.ExceptionTranslationFilter.doFilter(ExceptionTranslationFilter.java:125) ~[spring-security-web-6.5.7.jar:6.5.7]
	at org.springframework.security.web.access.ExceptionTranslationFilter.doFilter(ExceptionTranslationFilter.java:119) ~[spring-security-web-6.5.7.jar:6.5.7]
	at org.springframework.security.web.FilterChainProxy$VirtualFilterChain.doFilter(FilterChainProxy.java:374) ~[spring-security-web-6.5.7.jar:6.5.7]
	at org.springframework.security.web.session.SessionManagementFilter.doFilter(SessionManagementFilter.java:131) ~[spring-security-web-6.5.7.jar:6.5.7]
	at org.springframework.security.web.session.SessionManagementFilter.doFilter(SessionManagementFilter.java:85) ~[spring-security-web-6.5.7.jar:6.5.7]
	at org.springframework.security.web.FilterChainProxy$VirtualFilterChain.doFilter(FilterChainProxy.java:374) ~[spring-security-web-6.5.7.jar:6.5.7]
	at org.springframework.security.web.authentication.AnonymousAuthenticationFilter.doFilter(AnonymousAuthenticationFilter.java:100) ~[spring-security-web-6.5.7.jar:6.5.7]
	at org.springframework.security.web.FilterChainProxy$VirtualFilterChain.doFilter(FilterChainProxy.java:374) ~[spring-security-web-6.5.7.jar:6.5.7]
	at org.springframework.security.web.servletapi.SecurityContextHolderAwareRequestFilter.doFilter(SecurityContextHolderAwareRequestFilter.java:179) ~[spring-security-web-6.5.7.jar:6.5.7]
	at org.springframework.security.web.FilterChainProxy$VirtualFilterChain.doFilter(FilterChainProxy.java:374) ~[spring-security-web-6.5.7.jar:6.5.7]
	at org.springframework.security.web.savedrequest.RequestCacheAwareFilter.doFilter(RequestCacheAwareFilter.java:63) ~[spring-security-web-6.5.7.jar:6.5.7]
	at org.springframework.security.web.FilterChainProxy$VirtualFilterChain.doFilter(FilterChainProxy.java:374) ~[spring-security-web-6.5.7.jar:6.5.7]
	at com.spa.backend.security.JwtAuthenticationFilter.doFilterInternal(JwtAuthenticationFilter.java:61) ~[classes/:na]
	at org.springframework.web.filter.OncePerRequestFilter.doFilter(OncePerRequestFilter.java:116) ~[spring-web-6.2.15.jar:6.2.15]
	at org.springframework.security.web.FilterChainProxy$VirtualFilterChain.doFilter(FilterChainProxy.java:374) ~[spring-security-web-6.5.7.jar:6.5.7]
	at org.springframework.security.web.authentication.AbstractAuthenticationProcessingFilter.doFilter(AbstractAuthenticationProcessingFilter.java:235) ~[spring-security-web-6.5.7.jar:6.5.7]
	at org.springframework.security.web.authentication.AbstractAuthenticationProcessingFilter.doFilter(AbstractAuthenticationProcessingFilter.java:229) ~[spring-security-web-6.5.7.jar:6.5.7]
	at org.springframework.security.web.FilterChainProxy$VirtualFilterChain.doFilter(FilterChainProxy.java:374) ~[spring-security-web-6.5.7.jar:6.5.7]
	at org.springframework.security.oauth2.client.web.OAuth2AuthorizationRequestRedirectFilter.doFilterInternal(OAuth2AuthorizationRequestRedirectFilter.java:198) ~[spring-security-oauth2-client-6.5.7.jar:6.5.7]
	at org.springframework.web.filter.OncePerRequestFilter.doFilter(OncePerRequestFilter.java:116) ~[spring-web-6.2.15.jar:6.2.15]
	at org.springframework.security.web.FilterChainProxy$VirtualFilterChain.doFilter(FilterChainProxy.java:374) ~[spring-security-web-6.5.7.jar:6.5.7]
	at org.springframework.security.web.authentication.logout.LogoutFilter.doFilter(LogoutFilter.java:107) ~[spring-security-web-6.5.7.jar:6.5.7]
	at org.springframework.security.web.authentication.logout.LogoutFilter.doFilter(LogoutFilter.java:93) ~[spring-security-web-6.5.7.jar:6.5.7]
	at org.springframework.security.web.FilterChainProxy$VirtualFilterChain.doFilter(FilterChainProxy.java:374) ~[spring-security-web-6.5.7.jar:6.5.7]
	at org.springframework.web.filter.CorsFilter.doFilterInternal(CorsFilter.java:91) ~[spring-web-6.2.15.jar:6.2.15]
	at org.springframework.web.filter.OncePerRequestFilter.doFilter(OncePerRequestFilter.java:116) ~[spring-web-6.2.15.jar:6.2.15]
	at org.springframework.security.web.FilterChainProxy$VirtualFilterChain.doFilter(FilterChainProxy.java:374) ~[spring-security-web-6.5.7.jar:6.5.7]
	at org.springframework.security.web.header.HeaderWriterFilter.doHeadersAfter(HeaderWriterFilter.java:90) ~[spring-security-web-6.5.7.jar:6.5.7]
	at org.springframework.security.web.header.HeaderWriterFilter.doFilterInternal(HeaderWriterFilter.java:75) ~[spring-security-web-6.5.7.jar:6.5.7]
	at org.springframework.web.filter.OncePerRequestFilter.doFilter(OncePerRequestFilter.java:116) ~[spring-web-6.2.15.jar:6.2.15]
	at org.springframework.security.web.FilterChainProxy$VirtualFilterChain.doFilter(FilterChainProxy.java:374) ~[spring-security-web-6.5.7.jar:6.5.7]
	at org.springframework.security.web.context.SecurityContextHolderFilter.doFilter(SecurityContextHolderFilter.java:82) ~[spring-security-web-6.5.7.jar:6.5.7]
	at org.springframework.security.web.context.SecurityContextHolderFilter.doFilter(SecurityContextHolderFilter.java:69) ~[spring-security-web-6.5.7.jar:6.5.7]
	at org.springframework.security.web.FilterChainProxy$VirtualFilterChain.doFilter(FilterChainProxy.java:374) ~[spring-security-web-6.5.7.jar:6.5.7]
	at org.springframework.security.web.context.request.async.WebAsyncManagerIntegrationFilter.doFilterInternal(WebAsyncManagerIntegrationFilter.java:62) ~[spring-security-web-6.5.7.jar:6.5.7]
	at org.springframework.web.filter.OncePerRequestFilter.doFilter(OncePerRequestFilter.java:116) ~[spring-web-6.2.15.jar:6.2.15]
	at org.springframework.security.web.FilterChainProxy$VirtualFilterChain.doFilter(FilterChainProxy.java:374) ~[spring-security-web-6.5.7.jar:6.5.7]
	at org.springframework.security.web.session.DisableEncodeUrlFilter.doFilterInternal(DisableEncodeUrlFilter.java:42) ~[spring-security-web-6.5.7.jar:6.5.7]
	at org.springframework.web.filter.OncePerRequestFilter.doFilter(OncePerRequestFilter.java:116) ~[spring-web-6.2.15.jar:6.2.15]
	at org.springframework.security.web.FilterChainProxy$VirtualFilterChain.doFilter(FilterChainProxy.java:374) ~[spring-security-web-6.5.7.jar:6.5.7]
	at org.springframework.security.web.FilterChainProxy.doFilterInternal(FilterChainProxy.java:233) ~[spring-security-web-6.5.7.jar:6.5.7]
	at org.springframework.security.web.FilterChainProxy.doFilter(FilterChainProxy.java:191) ~[spring-security-web-6.5.7.jar:6.5.7]
	at org.springframework.web.filter.CompositeFilter$VirtualFilterChain.doFilter(CompositeFilter.java:113) ~[spring-web-6.2.15.jar:6.2.15]
	at org.springframework.web.filter.ServletRequestPathFilter.doFilter(ServletRequestPathFilter.java:52) ~[spring-web-6.2.15.jar:6.2.15]
	at org.springframework.web.filter.CompositeFilter$VirtualFilterChain.doFilter(CompositeFilter.java:113) ~[spring-web-6.2.15.jar:6.2.15]
	at org.springframework.web.filter.CompositeFilter.doFilter(CompositeFilter.java:74) ~[spring-web-6.2.15.jar:6.2.15]
	at org.springframework.security.config.annotation.web.configuration.WebSecurityConfiguration$CompositeFilterChainProxy.doFilter(WebSecurityConfiguration.java:319) ~[spring-security-config-6.5.7.jar:6.5.7]
	at org.springframework.web.filter.CompositeFilter$VirtualFilterChain.doFilter(CompositeFilter.java:113) ~[spring-web-6.2.15.jar:6.2.15]
	at org.springframework.web.servlet.handler.HandlerMappingIntrospector.lambda$createCacheFilter$4(HandlerMappingIntrospector.java:267) ~[spring-webmvc-6.2.15.jar:6.2.15]
	at org.springframework.web.filter.CompositeFilter$VirtualFilterChain.doFilter(CompositeFilter.java:113) ~[spring-web-6.2.15.jar:6.2.15]
	at org.springframework.web.filter.CompositeFilter.doFilter(CompositeFilter.java:74) ~[spring-web-6.2.15.jar:6.2.15]
	at org.springframework.security.config.annotation.web.configuration.WebMvcSecurityConfiguration$CompositeFilterChainProxy.doFilter(WebMvcSecurityConfiguration.java:240) ~[spring-security-config-6.5.7.jar:6.5.7]
	at org.springframework.web.filter.DelegatingFilterProxy.invokeDelegate(DelegatingFilterProxy.java:362) ~[spring-web-6.2.15.jar:6.2.15]
	at org.springframework.web.filter.DelegatingFilterProxy.doFilter(DelegatingFilterProxy.java:278) ~[spring-web-6.2.15.jar:6.2.15]
	at org.apache.catalina.core.ApplicationFilterChain.internalDoFilter(ApplicationFilterChain.java:162) ~[tomcat-embed-core-10.1.50.jar:10.1.50]
	at org.apache.catalina.core.ApplicationFilterChain.doFilter(ApplicationFilterChain.java:138) ~[tomcat-embed-core-10.1.50.jar:10.1.50]
	at org.springframework.web.filter.RequestContextFilter.doFilterInternal(RequestContextFilter.java:100) ~[spring-web-6.2.15.jar:6.2.15]
	at org.springframework.web.filter.OncePerRequestFilter.doFilter(OncePerRequestFilter.java:116) ~[spring-web-6.2.15.jar:6.2.15]
	at org.apache.catalina.core.ApplicationFilterChain.internalDoFilter(ApplicationFilterChain.java:162) ~[tomcat-embed-core-10.1.50.jar:10.1.50]
	at org.apache.catalina.core.ApplicationFilterChain.doFilter(ApplicationFilterChain.java:138) ~[tomcat-embed-core-10.1.50.jar:10.1.50]
	at org.springframework.web.filter.FormContentFilter.doFilterInternal(FormContentFilter.java:93) ~[spring-web-6.2.15.jar:6.2.15]
	at org.springframework.web.filter.OncePerRequestFilter.doFilter(OncePerRequestFilter.java:116) ~[spring-web-6.2.15.jar:6.2.15]
	at org.apache.catalina.core.ApplicationFilterChain.internalDoFilter(ApplicationFilterChain.java:162) ~[tomcat-embed-core-10.1.50.jar:10.1.50]
	at org.apache.catalina.core.ApplicationFilterChain.doFilter(ApplicationFilterChain.java:138) ~[tomcat-embed-core-10.1.50.jar:10.1.50]
	at org.springframework.web.filter.CharacterEncodingFilter.doFilterInternal(CharacterEncodingFilter.java:201) ~[spring-web-6.2.15.jar:6.2.15]
	at org.springframework.web.filter.OncePerRequestFilter.doFilter(OncePerRequestFilter.java:116) ~[spring-web-6.2.15.jar:6.2.15]
	at org.apache.catalina.core.ApplicationFilterChain.internalDoFilter(ApplicationFilterChain.java:162) ~[tomcat-embed-core-10.1.50.jar:10.1.50]
	at org.apache.catalina.core.ApplicationFilterChain.doFilter(ApplicationFilterChain.java:138) ~[tomcat-embed-core-10.1.50.jar:10.1.50]
	at org.apache.catalina.core.StandardWrapperValve.invoke(StandardWrapperValve.java:165) ~[tomcat-embed-core-10.1.50.jar:10.1.50]
	at org.apache.catalina.core.StandardContextValve.invoke(StandardContextValve.java:88) ~[tomcat-embed-core-10.1.50.jar:10.1.50]
	at org.apache.catalina.authenticator.AuthenticatorBase.invoke(AuthenticatorBase.java:482) ~[tomcat-embed-core-10.1.50.jar:10.1.50]
	at org.apache.catalina.core.StandardHostValve.invoke(StandardHostValve.java:113) ~[tomcat-embed-core-10.1.50.jar:10.1.50]
	at org.apache.catalina.valves.ErrorReportValve.invoke(ErrorReportValve.java:83) ~[tomcat-embed-core-10.1.50.jar:10.1.50]
	at org.apache.catalina.core.StandardEngineValve.invoke(StandardEngineValve.java:72) ~[tomcat-embed-core-10.1.50.jar:10.1.50]
	at org.apache.catalina.connector.CoyoteAdapter.service(CoyoteAdapter.java:342) ~[tomcat-embed-core-10.1.50.jar:10.1.50]
	at org.apache.coyote.http11.Http11Processor.service(Http11Processor.java:399) ~[tomcat-embed-core-10.1.50.jar:10.1.50]
	at org.apache.coyote.AbstractProcessorLight.process(AbstractProcessorLight.java:63) ~[tomcat-embed-core-10.1.50.jar:10.1.50]
	at org.apache.coyote.AbstractProtocol$ConnectionHandler.process(AbstractProtocol.java:903) ~[tomcat-embed-core-10.1.50.jar:10.1.50]
	at org.apache.tomcat.util.net.NioEndpoint$SocketProcessor.doRun(NioEndpoint.java:1774) ~[tomcat-embed-core-10.1.50.jar:10.1.50]
	at org.apache.tomcat.util.net.SocketProcessorBase.run(SocketProcessorBase.java:52) ~[tomcat-embed-core-10.1.50.jar:10.1.50]
	at org.apache.tomcat.util.threads.ThreadPoolExecutor.runWorker(ThreadPoolExecutor.java:973) ~[tomcat-embed-core-10.1.50.jar:10.1.50]
	at org.apache.tomcat.util.threads.ThreadPoolExecutor$Worker.run(ThreadPoolExecutor.java:491) ~[tomcat-embed-core-10.1.50.jar:10.1.50]
	at org.apache.tomcat.util.threads.TaskThread$WrappingRunnable.run(TaskThread.java:63) ~[tomcat-embed-core-10.1.50.jar:10.1.50]
	at java.base/java.lang.Thread.run(Thread.java:842) ~[na:na]
Caused by: org.hibernate.exception.SQLGrammarException: JDBC exception executing SQL [select se1_0.id_service,se1_0.description,se1_0.duration_minutes,se1_0.gender,se1_0.image_url,se1_0.name,se1_0.price,se1_0.status from services se1_0 where se1_0.status=?] [ERROR: column se1_0.price does not exist
  Position: 106] [n/a]
	at org.hibernate.exception.internal.SQLStateConversionDelegate.convert(SQLStateConversionDelegate.java:91) ~[hibernate-core-6.6.39.Final.jar:6.6.39.Final]
	at org.hibernate.exception.internal.StandardSQLExceptionConverter.convert(StandardSQLExceptionConverter.java:58) ~[hibernate-core-6.6.39.Final.jar:6.6.39.Final]
	at org.hibernate.engine.jdbc.spi.SqlExceptionHelper.convert(SqlExceptionHelper.java:108) ~[hibernate-core-6.6.39.Final.jar:6.6.39.Final]
	at org.hibernate.engine.jdbc.spi.SqlExceptionHelper.convert(SqlExceptionHelper.java:94) ~[hibernate-core-6.6.39.Final.jar:6.6.39.Final]
	at org.hibernate.sql.results.jdbc.internal.DeferredResultSetAccess.executeQuery(DeferredResultSetAccess.java:269) ~[hibernate-core-6.6.39.Final.jar:6.6.39.Final]
	at org.hibernate.sql.results.jdbc.internal.DeferredResultSetAccess.getResultSet(DeferredResultSetAccess.java:172) ~[hibernate-core-6.6.39.Final.jar:6.6.39.Final]
	at org.hibernate.sql.results.jdbc.internal.JdbcValuesResultSetImpl.<init>(JdbcValuesResultSetImpl.java:74) ~[hibernate-core-6.6.39.Final.jar:6.6.39.Final]
	at org.hibernate.sql.exec.internal.JdbcSelectExecutorStandardImpl.resolveJdbcValuesSource(JdbcSelectExecutorStandardImpl.java:355) ~[hibernate-core-6.6.39.Final.jar:6.6.39.Final]
	at org.hibernate.sql.exec.internal.JdbcSelectExecutorStandardImpl.doExecuteQuery(JdbcSelectExecutorStandardImpl.java:137) ~[hibernate-core-6.6.39.Final.jar:6.6.39.Final]
	at org.hibernate.sql.exec.internal.JdbcSelectExecutorStandardImpl.executeQuery(JdbcSelectExecutorStandardImpl.java:102) ~[hibernate-core-6.6.39.Final.jar:6.6.39.Final]
	at org.hibernate.sql.exec.spi.JdbcSelectExecutor.executeQuery(JdbcSelectExecutor.java:91) ~[hibernate-core-6.6.39.Final.jar:6.6.39.Final]
	at org.hibernate.sql.exec.spi.JdbcSelectExecutor.list(JdbcSelectExecutor.java:165) ~[hibernate-core-6.6.39.Final.jar:6.6.39.Final]
	at org.hibernate.query.sqm.internal.ConcreteSqmSelectQueryPlan.lambda$new$1(ConcreteSqmSelectQueryPlan.java:149) ~[hibernate-core-6.6.39.Final.jar:6.6.39.Final]
	at org.hibernate.query.sqm.internal.ConcreteSqmSelectQueryPlan.withCacheableSqmInterpretation(ConcreteSqmSelectQueryPlan.java:439) ~[hibernate-core-6.6.39.Final.jar:6.6.39.Final]
	at org.hibernate.query.sqm.internal.ConcreteSqmSelectQueryPlan.performList(ConcreteSqmSelectQueryPlan.java:359) ~[hibernate-core-6.6.39.Final.jar:6.6.39.Final]
	at org.hibernate.query.sqm.internal.QuerySqmImpl.doList(QuerySqmImpl.java:364) ~[hibernate-core-6.6.39.Final.jar:6.6.39.Final]
	at org.hibernate.query.spi.AbstractSelectionQuery.list(AbstractSelectionQuery.java:143) ~[hibernate-core-6.6.39.Final.jar:6.6.39.Final]
	at org.hibernate.query.Query.getResultList(Query.java:120) ~[hibernate-core-6.6.39.Final.jar:6.6.39.Final]
	at org.springframework.data.jpa.repository.query.JpaQueryExecution$CollectionExecution.doExecute(JpaQueryExecution.java:132) ~[spring-data-jpa-3.5.7.jar:3.5.7]
	at org.springframework.data.jpa.repository.query.JpaQueryExecution.execute(JpaQueryExecution.java:95) ~[spring-data-jpa-3.5.7.jar:3.5.7]
	at org.springframework.data.jpa.repository.query.AbstractJpaQuery.doExecute(AbstractJpaQuery.java:160) ~[spring-data-jpa-3.5.7.jar:3.5.7]
	at org.springframework.data.jpa.repository.query.AbstractJpaQuery.execute(AbstractJpaQuery.java:148) ~[spring-data-jpa-3.5.7.jar:3.5.7]
	at org.springframework.data.repository.core.support.RepositoryMethodInvoker.doInvoke(RepositoryMethodInvoker.java:170) ~[spring-data-commons-3.5.7.jar:3.5.7]
	at org.springframework.data.repository.core.support.RepositoryMethodInvoker.invoke(RepositoryMethodInvoker.java:158) ~[spring-data-commons-3.5.7.jar:3.5.7]
	at org.springframework.data.repository.core.support.QueryExecutorMethodInterceptor.doInvoke(QueryExecutorMethodInterceptor.java:170) ~[spring-data-commons-3.5.7.jar:3.5.7]
	at org.springframework.data.repository.core.support.QueryExecutorMethodInterceptor.invoke(QueryExecutorMethodInterceptor.java:149) ~[spring-data-commons-3.5.7.jar:3.5.7]
	at org.springframework.aop.framework.ReflectiveMethodInvocation.proceed(ReflectiveMethodInvocation.java:184) ~[spring-aop-6.2.15.jar:6.2.15]
	at org.springframework.data.projection.DefaultMethodInvokingMethodInterceptor.invoke(DefaultMethodInvokingMethodInterceptor.java:69) ~[spring-data-commons-3.5.7.jar:3.5.7]
	at org.springframework.aop.framework.ReflectiveMethodInvocation.proceed(ReflectiveMethodInvocation.java:184) ~[spring-aop-6.2.15.jar:6.2.15]
	at org.springframework.transaction.interceptor.TransactionAspectSupport.invokeWithinTransaction(TransactionAspectSupport.java:380) ~[spring-tx-6.2.15.jar:6.2.15]
	at org.springframework.transaction.interceptor.TransactionInterceptor.invoke(TransactionInterceptor.java:119) ~[spring-tx-6.2.15.jar:6.2.15]
	at org.springframework.aop.framework.ReflectiveMethodInvocation.proceed(ReflectiveMethodInvocation.java:184) ~[spring-aop-6.2.15.jar:6.2.15]
	at org.springframework.dao.support.PersistenceExceptionTranslationInterceptor.invoke(PersistenceExceptionTranslationInterceptor.java:138) ~[spring-tx-6.2.15.jar:6.2.15]
	... 127 common frames omitted
Caused by: org.postgresql.util.PSQLException: ERROR: column se1_0.price does not exist
  Position: 106
	at org.postgresql.core.v3.QueryExecutorImpl.receiveErrorResponse(QueryExecutorImpl.java:2725) ~[postgresql-42.7.3.jar:42.7.3]
	at org.postgresql.core.v3.QueryExecutorImpl.processResults(QueryExecutorImpl.java:2412) ~[postgresql-42.7.3.jar:42.7.3]
	at org.postgresql.core.v3.QueryExecutorImpl.execute(QueryExecutorImpl.java:371) ~[postgresql-42.7.3.jar:42.7.3]
	at org.postgresql.jdbc.PgStatement.executeInternal(PgStatement.java:502) ~[postgresql-42.7.3.jar:42.7.3]
	at org.postgresql.jdbc.PgStatement.execute(PgStatement.java:419) ~[postgresql-42.7.3.jar:42.7.3]
	at org.postgresql.jdbc.PgPreparedStatement.executeWithFlags(PgPreparedStatement.java:194) ~[postgresql-42.7.3.jar:42.7.3]
	at org.postgresql.jdbc.PgPreparedStatement.executeQuery(PgPreparedStatement.java:137) ~[postgresql-42.7.3.jar:42.7.3]
	at com.zaxxer.hikari.pool.ProxyPreparedStatement.executeQuery(ProxyPreparedStatement.java:52) ~[HikariCP-6.3.3.jar:na]
	at com.zaxxer.hikari.pool.HikariProxyPreparedStatement.executeQuery(HikariProxyPreparedStatement.java) ~[HikariCP-6.3.3.jar:na]
	at org.hibernate.sql.results.jdbc.internal.DeferredResultSetAccess.executeQuery(DeferredResultSetAccess.java:251) ~[hibernate-core-6.6.39.Final.jar:6.6.39.Final]
	... 155 common frames omitted

2026-03-02T16:04:14.561-05:00  INFO 20372 --- [backend] [SpringApplicationShutdownHook] o.s.b.w.e.tomcat.GracefulShutdown        : Commencing graceful shutdown. Waiting for active requests to complete
2026-03-02T16:04:14.621-05:00  INFO 20372 --- [backend] [tomcat-shutdown] o.s.b.w.e.tomcat.GracefulShutdown        : Graceful shutdown complete
2026-03-02T16:04:14.627-05:00  INFO 20372 --- [backend] [SpringApplicationShutdownHook] j.LocalContainerEntityManagerFactoryBean : Closing JPA EntityManagerFactory for persistence unit 'default'
2026-03-02T16:04:14.634-05:00  INFO 20372 --- [backend] [SpringApplicationShutdownHook] com.zaxxer.hikari.HikariDataSource       : HikariPool-1 - Shutdown initiated...
2026-03-02T16:04:14.973-05:00  INFO 20372 --- [backend] [SpringApplicationShutdownHook] com.zaxxer.hikari.HikariDataSource       : HikariPool-1 - Shutdown completed.
2026-03-02T16:04:25.621-05:00  INFO 23880 --- [backend] [main] com.spa.backend.SpaBackendApplication    : Starting SpaBackendApplication using Java 17.0.12 with PID 23880 (C:\Users\samue\OneDrive\Desktop\spa\Backend_spas\target\classes started by samue in C:\Users\samue\OneDrive\Desktop\spa\Backend_spas)
2026-03-02T16:04:25.628-05:00 DEBUG 23880 --- [backend] [main] com.spa.backend.SpaBackendApplication    : Running with Spring Boot v3.5.9, Spring v6.2.15
2026-03-02T16:04:25.631-05:00  INFO 23880 --- [backend] [main] com.spa.backend.SpaBackendApplication    : No active profile set, falling back to 1 default profile: "default"
2026-03-02T16:04:28.095-05:00  INFO 23880 --- [backend] [main] .s.d.r.c.RepositoryConfigurationDelegate : Bootstrapping Spring Data JPA repositories in DEFAULT mode.
2026-03-02T16:04:28.342-05:00  INFO 23880 --- [backend] [main] .s.d.r.c.RepositoryConfigurationDelegate : Finished Spring Data repository scanning in 222 ms. Found 8 JPA repository interfaces.
2026-03-02T16:04:29.967-05:00  INFO 23880 --- [backend] [main] o.s.b.w.embedded.tomcat.TomcatWebServer  : Tomcat initialized with port 8085 (http)
2026-03-02T16:04:30.004-05:00  INFO 23880 --- [backend] [main] o.apache.catalina.core.StandardService   : Starting service [Tomcat]
2026-03-02T16:04:30.005-05:00  INFO 23880 --- [backend] [main] o.apache.catalina.core.StandardEngine    : Starting Servlet engine: [Apache Tomcat/10.1.50]
2026-03-02T16:04:30.180-05:00  INFO 23880 --- [backend] [main] o.a.c.c.C.[Tomcat].[localhost].[/]       : Initializing Spring embedded WebApplicationContext
2026-03-02T16:04:30.181-05:00  INFO 23880 --- [backend] [main] w.s.c.ServletWebServerApplicationContext : Root WebApplicationContext: initialization completed in 4386 ms
2026-03-02T16:04:30.670-05:00  INFO 23880 --- [backend] [main] o.hibernate.jpa.internal.util.LogHelper  : HHH000204: Processing PersistenceUnitInfo [name: default]
2026-03-02T16:04:30.779-05:00  INFO 23880 --- [backend] [main] org.hibernate.Version                    : HHH000412: Hibernate ORM core version 6.6.39.Final
2026-03-02T16:04:30.949-05:00  INFO 23880 --- [backend] [main] o.h.c.internal.RegionFactoryInitiator    : HHH000026: Second-level cache disabled
2026-03-02T16:04:31.740-05:00  INFO 23880 --- [backend] [main] o.s.o.j.p.SpringPersistenceUnitInfo      : No LoadTimeWeaver setup: ignoring JPA class transformer
2026-03-02T16:04:31.837-05:00  INFO 23880 --- [backend] [main] com.zaxxer.hikari.HikariDataSource       : HikariPool-1 - Starting...
2026-03-02T16:04:33.457-05:00  INFO 23880 --- [backend] [main] com.zaxxer.hikari.pool.HikariPool        : HikariPool-1 - Added connection org.postgresql.jdbc.PgConnection@2c0fefac
2026-03-02T16:04:33.459-05:00  INFO 23880 --- [backend] [main] com.zaxxer.hikari.HikariDataSource       : HikariPool-1 - Start completed.
2026-03-02T16:04:33.612-05:00  WARN 23880 --- [backend] [main] org.hibernate.orm.deprecation            : HHH90000025: PostgreSQLDialect does not need to be specified explicitly using 'hibernate.dialect' (remove the property setting and it will be selected by default)
2026-03-02T16:04:33.867-05:00  INFO 23880 --- [backend] [main] org.hibernate.orm.connections.pooling    : HHH10001005: Database info:
	Database JDBC URL [Connecting through datasource 'HikariDataSource (HikariPool-1)']
	Database driver: undefined/unknown
	Database version: 17.8
	Autocommit mode: undefined/unknown
	Isolation level: undefined/unknown
	Minimum pool size: undefined/unknown
	Maximum pool size: undefined/unknown
2026-03-02T16:04:34.315-05:00 ERROR 23880 --- [backend] [main] o.s.b.web.embedded.tomcat.TomcatStarter  : Error starting Tomcat context. Exception: org.springframework.beans.factory.UnsatisfiedDependencyException. Message: Error creating bean with name 'jwtAuthenticationFilter' defined in file [C:\Users\samue\OneDrive\Desktop\spa\Backend_spas\target\classes\com\spa\backend\security\JwtAuthenticationFilter.class]: Unsatisfied dependency expressed through constructor parameter 1: Error creating bean with name 'customUserDetailsService' defined in file [C:\Users\samue\OneDrive\Desktop\spa\Backend_spas\target\classes\com\spa\backend\service\impl\CustomUserDetailsService.class]: Unsatisfied dependency expressed through constructor parameter 0: Error creating bean with name 'userRepository' defined in com.spa.backend.repository.UserRepository defined in @EnableJpaRepositories declared on JpaRepositoriesRegistrar.EnableJpaRepositoriesConfiguration: Cannot resolve reference to bean 'jpaSharedEM_entityManagerFactory' while setting bean property 'entityManager'
2026-03-02T16:04:34.376-05:00  INFO 23880 --- [backend] [main] o.apache.catalina.core.StandardService   : Stopping service [Tomcat]
2026-03-02T16:04:34.385-05:00  WARN 23880 --- [backend] [main] o.a.c.loader.WebappClassLoaderBase       : The web application [ROOT] appears to have started a thread named [HikariPool-1:housekeeper] but has failed to stop it. This is very likely to create a memory leak. Stack trace of thread:
 java.base@17.0.12/jdk.internal.misc.Unsafe.park(Native Method)
 java.base@17.0.12/java.util.concurrent.locks.LockSupport.parkNanos(LockSupport.java:252)
 java.base@17.0.12/java.util.concurrent.locks.AbstractQueuedSynchronizer$ConditionObject.awaitNanos(AbstractQueuedSynchronizer.java:1672)
 java.base@17.0.12/java.util.concurrent.ScheduledThreadPoolExecutor$DelayedWorkQueue.take(ScheduledThreadPoolExecutor.java:1182)
 java.base@17.0.12/java.util.concurrent.ScheduledThreadPoolExecutor$DelayedWorkQueue.take(ScheduledThreadPoolExecutor.java:899)
 java.base@17.0.12/java.util.concurrent.ThreadPoolExecutor.getTask(ThreadPoolExecutor.java:1062)
 java.base@17.0.12/java.util.concurrent.ThreadPoolExecutor.runWorker(ThreadPoolExecutor.java:1122)
 java.base@17.0.12/java.util.concurrent.ThreadPoolExecutor$Worker.run(ThreadPoolExecutor.java:635)
 java.base@17.0.12/java.lang.Thread.run(Thread.java:842)
2026-03-02T16:04:34.388-05:00  WARN 23880 --- [backend] [main] o.a.c.loader.WebappClassLoaderBase       : The web application [ROOT] appears to have started a thread named [HikariPool-1:connection-adder] but has failed to stop it. This is very likely to create a memory leak. Stack trace of thread:
 java.base@17.0.12/sun.nio.ch.Net.poll(Native Method)
 java.base@17.0.12/sun.nio.ch.NioSocketImpl.park(NioSocketImpl.java:186)
 java.base@17.0.12/sun.nio.ch.NioSocketImpl.park(NioSocketImpl.java:195)
 java.base@17.0.12/sun.nio.ch.NioSocketImpl.implRead(NioSocketImpl.java:319)
 java.base@17.0.12/sun.nio.ch.NioSocketImpl.read(NioSocketImpl.java:355)
 java.base@17.0.12/sun.nio.ch.NioSocketImpl$1.read(NioSocketImpl.java:808)
 java.base@17.0.12/java.net.Socket$SocketInputStream.read(Socket.java:966)
 java.base@17.0.12/sun.security.ssl.SSLSocketInputRecord.read(SSLSocketInputRecord.java:484)
 java.base@17.0.12/sun.security.ssl.SSLSocketInputRecord.readHeader(SSLSocketInputRecord.java:478)
 java.base@17.0.12/sun.security.ssl.SSLSocketInputRecord.bytesInCompletePacket(SSLSocketInputRecord.java:70)
 java.base@17.0.12/sun.security.ssl.SSLSocketImpl.readApplicationRecord(SSLSocketImpl.java:1461)
 java.base@17.0.12/sun.security.ssl.SSLSocketImpl$AppInputStream.read(SSLSocketImpl.java:1065)
 app//org.postgresql.core.VisibleBufferedInputStream.readMore(VisibleBufferedInputStream.java:162)
 app//org.postgresql.core.VisibleBufferedInputStream.ensureBytes(VisibleBufferedInputStream.java:129)
 app//org.postgresql.core.VisibleBufferedInputStream.ensureBytes(VisibleBufferedInputStream.java:114)
 app//org.postgresql.core.VisibleBufferedInputStream.read(VisibleBufferedInputStream.java:74)
 app//org.postgresql.core.PGStream.receiveChar(PGStream.java:467)
 app//org.postgresql.core.v3.QueryExecutorImpl.processResults(QueryExecutorImpl.java:2166)
 app//org.postgresql.core.v3.QueryExecutorImpl.execute(QueryExecutorImpl.java:371)
 app//org.postgresql.core.v3.QueryExecutorImpl.execute(QueryExecutorImpl.java:329)
 app//org.postgresql.core.SetupQueryRunner.run(SetupQueryRunner.java:57)
 app//org.postgresql.core.v3.ConnectionFactoryImpl.runInitialQueries(ConnectionFactoryImpl.java:932)
 app//org.postgresql.core.v3.ConnectionFactoryImpl.openConnectionImpl(ConnectionFactoryImpl.java:331)
 app//org.postgresql.core.ConnectionFactory.openConnection(ConnectionFactory.java:54)
 app//org.postgresql.jdbc.PgConnection.<init>(PgConnection.java:273)
 app//org.postgresql.Driver.makeConnection(Driver.java:446)
 app//org.postgresql.Driver.connect(Driver.java:298)
 app//com.zaxxer.hikari.util.DriverDataSource.getConnection(DriverDataSource.java:144)
 app//com.zaxxer.hikari.pool.PoolBase.newConnection(PoolBase.java:370)
 app//com.zaxxer.hikari.pool.PoolBase.newPoolEntry(PoolBase.java:207)
 app//com.zaxxer.hikari.pool.HikariPool.createPoolEntry(HikariPool.java:488)
 app//com.zaxxer.hikari.pool.HikariPool$PoolEntryCreator.call(HikariPool.java:752)
 app//com.zaxxer.hikari.pool.HikariPool$PoolEntryCreator.call(HikariPool.java:731)
 java.base@17.0.12/java.util.concurrent.FutureTask.run(FutureTask.java:264)
 java.base@17.0.12/java.util.concurrent.ThreadPoolExecutor.runWorker(ThreadPoolExecutor.java:1136)
 java.base@17.0.12/java.util.concurrent.ThreadPoolExecutor$Worker.run(ThreadPoolExecutor.java:635)
 java.base@17.0.12/java.lang.Thread.run(Thread.java:842)
2026-03-02T16:04:34.395-05:00  WARN 23880 --- [backend] [main] ConfigServletWebServerApplicationContext : Exception encountered during context initialization - cancelling refresh attempt: org.springframework.context.ApplicationContextException: Unable to start web server
2026-03-02T16:04:34.396-05:00  INFO 23880 --- [backend] [main] com.zaxxer.hikari.HikariDataSource       : HikariPool-1 - Shutdown initiated...
2026-03-02T16:04:34.640-05:00  INFO 23880 --- [backend] [main] com.zaxxer.hikari.HikariDataSource       : HikariPool-1 - Shutdown completed.
2026-03-02T16:04:34.672-05:00  INFO 23880 --- [backend] [main] .s.b.a.l.ConditionEvaluationReportLogger : 

Error starting ApplicationContext. To display the condition evaluation report re-run your application with 'debug' enabled.
2026-03-02T16:04:34.718-05:00 ERROR 23880 --- [backend] [main] o.s.boot.SpringApplication               : Application run failed

org.springframework.context.ApplicationContextException: Unable to start web server
	at org.springframework.boot.web.servlet.context.ServletWebServerApplicationContext.onRefresh(ServletWebServerApplicationContext.java:170) ~[spring-boot-3.5.9.jar:3.5.9]
	at org.springframework.context.support.AbstractApplicationContext.refresh(AbstractApplicationContext.java:621) ~[spring-context-6.2.15.jar:6.2.15]
	at org.springframework.boot.web.servlet.context.ServletWebServerApplicationContext.refresh(ServletWebServerApplicationContext.java:146) ~[spring-boot-3.5.9.jar:3.5.9]
	at org.springframework.boot.SpringApplication.refresh(SpringApplication.java:752) ~[spring-boot-3.5.9.jar:3.5.9]
	at org.springframework.boot.SpringApplication.refreshContext(SpringApplication.java:439) ~[spring-boot-3.5.9.jar:3.5.9]
	at org.springframework.boot.SpringApplication.run(SpringApplication.java:318) ~[spring-boot-3.5.9.jar:3.5.9]
	at org.springframework.boot.SpringApplication.run(SpringApplication.java:1361) ~[spring-boot-3.5.9.jar:3.5.9]
	at org.springframework.boot.SpringApplication.run(SpringApplication.java:1350) ~[spring-boot-3.5.9.jar:3.5.9]
	at com.spa.backend.SpaBackendApplication.main(SpaBackendApplication.java:12) ~[classes/:na]
Caused by: org.springframework.boot.web.server.WebServerException: Unable to start embedded Tomcat
	at org.springframework.boot.web.embedded.tomcat.TomcatWebServer.initialize(TomcatWebServer.java:147) ~[spring-boot-3.5.9.jar:3.5.9]
	at org.springframework.boot.web.embedded.tomcat.TomcatWebServer.<init>(TomcatWebServer.java:107) ~[spring-boot-3.5.9.jar:3.5.9]
	at org.springframework.boot.web.embedded.tomcat.TomcatServletWebServerFactory.getTomcatWebServer(TomcatServletWebServerFactory.java:517) ~[spring-boot-3.5.9.jar:3.5.9]
	at org.springframework.boot.web.embedded.tomcat.TomcatServletWebServerFactory.getWebServer(TomcatServletWebServerFactory.java:219) ~[spring-boot-3.5.9.jar:3.5.9]
	at org.springframework.boot.web.servlet.context.ServletWebServerApplicationContext.createWebServer(ServletWebServerApplicationContext.java:193) ~[spring-boot-3.5.9.jar:3.5.9]
	at org.springframework.boot.web.servlet.context.ServletWebServerApplicationContext.onRefresh(ServletWebServerApplicationContext.java:167) ~[spring-boot-3.5.9.jar:3.5.9]
	... 8 common frames omitted
Caused by: org.springframework.beans.factory.UnsatisfiedDependencyException: Error creating bean with name 'jwtAuthenticationFilter' defined in file [C:\Users\samue\OneDrive\Desktop\spa\Backend_spas\target\classes\com\spa\backend\security\JwtAuthenticationFilter.class]: Unsatisfied dependency expressed through constructor parameter 1: Error creating bean with name 'customUserDetailsService' defined in file [C:\Users\samue\OneDrive\Desktop\spa\Backend_spas\target\classes\com\spa\backend\service\impl\CustomUserDetailsService.class]: Unsatisfied dependency expressed through constructor parameter 0: Error creating bean with name 'userRepository' defined in com.spa.backend.repository.UserRepository defined in @EnableJpaRepositories declared on JpaRepositoriesRegistrar.EnableJpaRepositoriesConfiguration: Cannot resolve reference to bean 'jpaSharedEM_entityManagerFactory' while setting bean property 'entityManager'
	at org.springframework.beans.factory.support.ConstructorResolver.createArgumentArray(ConstructorResolver.java:804) ~[spring-beans-6.2.15.jar:6.2.15]
	at org.springframework.beans.factory.support.ConstructorResolver.autowireConstructor(ConstructorResolver.java:240) ~[spring-beans-6.2.15.jar:6.2.15]
	at org.springframework.beans.factory.support.AbstractAutowireCapableBeanFactory.autowireConstructor(AbstractAutowireCapableBeanFactory.java:1395) ~[spring-beans-6.2.15.jar:6.2.15]
	at org.springframework.beans.factory.support.AbstractAutowireCapableBeanFactory.createBeanInstance(AbstractAutowireCapableBeanFactory.java:1232) ~[spring-beans-6.2.15.jar:6.2.15]
	at org.springframework.beans.factory.support.AbstractAutowireCapableBeanFactory.doCreateBean(AbstractAutowireCapableBeanFactory.java:569) ~[spring-beans-6.2.15.jar:6.2.15]
	at org.springframework.beans.factory.support.AbstractAutowireCapableBeanFactory.createBean(AbstractAutowireCapableBeanFactory.java:529) ~[spring-beans-6.2.15.jar:6.2.15]
	at org.springframework.beans.factory.support.AbstractBeanFactory.lambda$doGetBean$0(AbstractBeanFactory.java:339) ~[spring-beans-6.2.15.jar:6.2.15]
	at org.springframework.beans.factory.support.DefaultSingletonBeanRegistry.getSingleton(DefaultSingletonBeanRegistry.java:373) ~[spring-beans-6.2.15.jar:6.2.15]
	at org.springframework.beans.factory.support.AbstractBeanFactory.doGetBean(AbstractBeanFactory.java:337) ~[spring-beans-6.2.15.jar:6.2.15]
	at org.springframework.beans.factory.support.AbstractBeanFactory.getBean(AbstractBeanFactory.java:207) ~[spring-beans-6.2.15.jar:6.2.15]
	at org.springframework.boot.web.servlet.ServletContextInitializerBeans.getOrderedBeansOfType(ServletContextInitializerBeans.java:230) ~[spring-boot-3.5.9.jar:3.5.9]
	at org.springframework.boot.web.servlet.ServletContextInitializerBeans.addAsRegistrationBean(ServletContextInitializerBeans.java:184) ~[spring-boot-3.5.9.jar:3.5.9]
	at org.springframework.boot.web.servlet.ServletContextInitializerBeans.addAsRegistrationBean(ServletContextInitializerBeans.java:179) ~[spring-boot-3.5.9.jar:3.5.9]
	at org.springframework.boot.web.servlet.ServletContextInitializerBeans.addAdaptableBeans(ServletContextInitializerBeans.java:164) ~[spring-boot-3.5.9.jar:3.5.9]
	at org.springframework.boot.web.servlet.ServletContextInitializerBeans.<init>(ServletContextInitializerBeans.java:96) ~[spring-boot-3.5.9.jar:3.5.9]
	at org.springframework.boot.web.servlet.context.ServletWebServerApplicationContext.getServletContextInitializerBeans(ServletWebServerApplicationContext.java:271) ~[spring-boot-3.5.9.jar:3.5.9]
	at org.springframework.boot.web.servlet.context.ServletWebServerApplicationContext.selfInitialize(ServletWebServerApplicationContext.java:245) ~[spring-boot-3.5.9.jar:3.5.9]
	at org.springframework.boot.web.embedded.tomcat.TomcatStarter.onStartup(TomcatStarter.java:52) ~[spring-boot-3.5.9.jar:3.5.9]
	at org.apache.catalina.core.StandardContext.startInternal(StandardContext.java:4452) ~[tomcat-embed-core-10.1.50.jar:10.1.50]
	at org.apache.catalina.util.LifecycleBase.start(LifecycleBase.java:164) ~[tomcat-embed-core-10.1.50.jar:10.1.50]
	at org.apache.catalina.core.ContainerBase$StartChild.call(ContainerBase.java:1201) ~[tomcat-embed-core-10.1.50.jar:10.1.50]
	at org.apache.catalina.core.ContainerBase$StartChild.call(ContainerBase.java:1191) ~[tomcat-embed-core-10.1.50.jar:10.1.50]
	at java.base/java.util.concurrent.FutureTask.run(FutureTask.java:264) ~[na:na]
	at org.apache.tomcat.util.threads.InlineExecutorService.execute(InlineExecutorService.java:81) ~[tomcat-embed-core-10.1.50.jar:10.1.50]
	at java.base/java.util.concurrent.AbstractExecutorService.submit(AbstractExecutorService.java:145) ~[na:na]
	at org.apache.catalina.core.ContainerBase.startInternal(ContainerBase.java:747) ~[tomcat-embed-core-10.1.50.jar:10.1.50]
	at org.apache.catalina.core.StandardHost.startInternal(StandardHost.java:783) ~[tomcat-embed-core-10.1.50.jar:10.1.50]
	at org.apache.catalina.util.LifecycleBase.start(LifecycleBase.java:164) ~[tomcat-embed-core-10.1.50.jar:10.1.50]
	at org.apache.catalina.core.ContainerBase$StartChild.call(ContainerBase.java:1201) ~[tomcat-embed-core-10.1.50.jar:10.1.50]
	at org.apache.catalina.core.ContainerBase$StartChild.call(ContainerBase.java:1191) ~[tomcat-embed-core-10.1.50.jar:10.1.50]
	at java.base/java.util.concurrent.FutureTask.run(FutureTask.java:264) ~[na:na]
	at org.apache.tomcat.util.threads.InlineExecutorService.execute(InlineExecutorService.java:81) ~[tomcat-embed-core-10.1.50.jar:10.1.50]
	at java.base/java.util.concurrent.AbstractExecutorService.submit(AbstractExecutorService.java:145) ~[na:na]
	at org.apache.catalina.core.ContainerBase.startInternal(ContainerBase.java:747) ~[tomcat-embed-core-10.1.50.jar:10.1.50]
	at org.apache.catalina.core.StandardEngine.startInternal(StandardEngine.java:201) ~[tomcat-embed-core-10.1.50.jar:10.1.50]
	at org.apache.catalina.util.LifecycleBase.start(LifecycleBase.java:164) ~[tomcat-embed-core-10.1.50.jar:10.1.50]
	at org.apache.catalina.core.StandardService.startInternal(StandardService.java:410) ~[tomcat-embed-core-10.1.50.jar:10.1.50]
	at org.apache.catalina.util.LifecycleBase.start(LifecycleBase.java:164) ~[tomcat-embed-core-10.1.50.jar:10.1.50]
	at org.apache.catalina.core.StandardServer.startInternal(StandardServer.java:868) ~[tomcat-embed-core-10.1.50.jar:10.1.50]
	at org.apache.catalina.util.LifecycleBase.start(LifecycleBase.java:164) ~[tomcat-embed-core-10.1.50.jar:10.1.50]
	at org.apache.catalina.startup.Tomcat.start(Tomcat.java:436) ~[tomcat-embed-core-10.1.50.jar:10.1.50]
	at org.springframework.boot.web.embedded.tomcat.TomcatWebServer.initialize(TomcatWebServer.java:128) ~[spring-boot-3.5.9.jar:3.5.9]
	... 13 common frames omitted
Caused by: org.springframework.beans.factory.UnsatisfiedDependencyException: Error creating bean with name 'customUserDetailsService' defined in file [C:\Users\samue\OneDrive\Desktop\spa\Backend_spas\target\classes\com\spa\backend\service\impl\CustomUserDetailsService.class]: Unsatisfied dependency expressed through constructor parameter 0: Error creating bean with name 'userRepository' defined in com.spa.backend.repository.UserRepository defined in @EnableJpaRepositories declared on JpaRepositoriesRegistrar.EnableJpaRepositoriesConfiguration: Cannot resolve reference to bean 'jpaSharedEM_entityManagerFactory' while setting bean property 'entityManager'
	at org.springframework.beans.factory.support.ConstructorResolver.createArgumentArray(ConstructorResolver.java:804) ~[spring-beans-6.2.15.jar:6.2.15]
	at org.springframework.beans.factory.support.ConstructorResolver.autowireConstructor(ConstructorResolver.java:240) ~[spring-beans-6.2.15.jar:6.2.15]
	at org.springframework.beans.factory.support.AbstractAutowireCapableBeanFactory.autowireConstructor(AbstractAutowireCapableBeanFactory.java:1395) ~[spring-beans-6.2.15.jar:6.2.15]
	at org.springframework.beans.factory.support.AbstractAutowireCapableBeanFactory.createBeanInstance(AbstractAutowireCapableBeanFactory.java:1232) ~[spring-beans-6.2.15.jar:6.2.15]
	at org.springframework.beans.factory.support.AbstractAutowireCapableBeanFactory.doCreateBean(AbstractAutowireCapableBeanFactory.java:569) ~[spring-beans-6.2.15.jar:6.2.15]
	at org.springframework.beans.factory.support.AbstractAutowireCapableBeanFactory.createBean(AbstractAutowireCapableBeanFactory.java:529) ~[spring-beans-6.2.15.jar:6.2.15]
	at org.springframework.beans.factory.support.AbstractBeanFactory.lambda$doGetBean$0(AbstractBeanFactory.java:339) ~[spring-beans-6.2.15.jar:6.2.15]
	at org.springframework.beans.factory.support.DefaultSingletonBeanRegistry.getSingleton(DefaultSingletonBeanRegistry.java:373) ~[spring-beans-6.2.15.jar:6.2.15]
	at org.springframework.beans.factory.support.AbstractBeanFactory.doGetBean(AbstractBeanFactory.java:337) ~[spring-beans-6.2.15.jar:6.2.15]
	at org.springframework.beans.factory.support.AbstractBeanFactory.getBean(AbstractBeanFactory.java:202) ~[spring-beans-6.2.15.jar:6.2.15]
	at org.springframework.beans.factory.config.DependencyDescriptor.resolveCandidate(DependencyDescriptor.java:254) ~[spring-beans-6.2.15.jar:6.2.15]
	at org.springframework.beans.factory.support.DefaultListableBeanFactory.doResolveDependency(DefaultListableBeanFactory.java:1770) ~[spring-beans-6.2.15.jar:6.2.15]
	at org.springframework.beans.factory.support.DefaultListableBeanFactory.resolveDependency(DefaultListableBeanFactory.java:1653) ~[spring-beans-6.2.15.jar:6.2.15]
	at org.springframework.beans.factory.support.ConstructorResolver.resolveAutowiredArgument(ConstructorResolver.java:913) ~[spring-beans-6.2.15.jar:6.2.15]
	at org.springframework.beans.factory.support.ConstructorResolver.createArgumentArray(ConstructorResolver.java:791) ~[spring-beans-6.2.15.jar:6.2.15]
	... 54 common frames omitted
Caused by: org.springframework.beans.factory.BeanCreationException: Error creating bean with name 'userRepository' defined in com.spa.backend.repository.UserRepository defined in @EnableJpaRepositories declared on JpaRepositoriesRegistrar.EnableJpaRepositoriesConfiguration: Cannot resolve reference to bean 'jpaSharedEM_entityManagerFactory' while setting bean property 'entityManager'
	at org.springframework.beans.factory.support.BeanDefinitionValueResolver.resolveReference(BeanDefinitionValueResolver.java:377) ~[spring-beans-6.2.15.jar:6.2.15]
	at org.springframework.beans.factory.support.BeanDefinitionValueResolver.resolveValueIfNecessary(BeanDefinitionValueResolver.java:135) ~[spring-beans-6.2.15.jar:6.2.15]
	at org.springframework.beans.factory.support.AbstractAutowireCapableBeanFactory.applyPropertyValues(AbstractAutowireCapableBeanFactory.java:1725) ~[spring-beans-6.2.15.jar:6.2.15]
	at org.springframework.beans.factory.support.AbstractAutowireCapableBeanFactory.populateBean(AbstractAutowireCapableBeanFactory.java:1474) ~[spring-beans-6.2.15.jar:6.2.15]
	at org.springframework.beans.factory.support.AbstractAutowireCapableBeanFactory.doCreateBean(AbstractAutowireCapableBeanFactory.java:606) ~[spring-beans-6.2.15.jar:6.2.15]
	at org.springframework.beans.factory.support.AbstractAutowireCapableBeanFactory.createBean(AbstractAutowireCapableBeanFactory.java:529) ~[spring-beans-6.2.15.jar:6.2.15]
	at org.springframework.beans.factory.support.AbstractBeanFactory.lambda$doGetBean$0(AbstractBeanFactory.java:339) ~[spring-beans-6.2.15.jar:6.2.15]
	at org.springframework.beans.factory.support.DefaultSingletonBeanRegistry.getSingleton(DefaultSingletonBeanRegistry.java:373) ~[spring-beans-6.2.15.jar:6.2.15]
	at org.springframework.beans.factory.support.AbstractBeanFactory.doGetBean(AbstractBeanFactory.java:337) ~[spring-beans-6.2.15.jar:6.2.15]
	at org.springframework.beans.factory.support.AbstractBeanFactory.getBean(AbstractBeanFactory.java:202) ~[spring-beans-6.2.15.jar:6.2.15]
	at org.springframework.beans.factory.support.DefaultListableBeanFactory.doResolveDependency(DefaultListableBeanFactory.java:1708) ~[spring-beans-6.2.15.jar:6.2.15]
	at org.springframework.beans.factory.support.DefaultListableBeanFactory.resolveDependency(DefaultListableBeanFactory.java:1653) ~[spring-beans-6.2.15.jar:6.2.15]
	at org.springframework.beans.factory.support.ConstructorResolver.resolveAutowiredArgument(ConstructorResolver.java:913) ~[spring-beans-6.2.15.jar:6.2.15]
	at org.springframework.beans.factory.support.ConstructorResolver.createArgumentArray(ConstructorResolver.java:791) ~[spring-beans-6.2.15.jar:6.2.15]
	... 68 common frames omitted
Caused by: org.springframework.beans.factory.BeanCreationException: Error creating bean with name 'jpaSharedEM_entityManagerFactory': Cannot resolve reference to bean 'entityManagerFactory' while setting constructor argument
	at org.springframework.beans.factory.support.BeanDefinitionValueResolver.resolveReference(BeanDefinitionValueResolver.java:377) ~[spring-beans-6.2.15.jar:6.2.15]
	at org.springframework.beans.factory.support.BeanDefinitionValueResolver.resolveValueIfNecessary(BeanDefinitionValueResolver.java:135) ~[spring-beans-6.2.15.jar:6.2.15]
	at org.springframework.beans.factory.support.ConstructorResolver.resolveConstructorArguments(ConstructorResolver.java:691) ~[spring-beans-6.2.15.jar:6.2.15]
	at org.springframework.beans.factory.support.ConstructorResolver.instantiateUsingFactoryMethod(ConstructorResolver.java:513) ~[spring-beans-6.2.15.jar:6.2.15]
	at org.springframework.beans.factory.support.AbstractAutowireCapableBeanFactory.instantiateUsingFactoryMethod(AbstractAutowireCapableBeanFactory.java:1375) ~[spring-beans-6.2.15.jar:6.2.15]
	at org.springframework.beans.factory.support.AbstractAutowireCapableBeanFactory.createBeanInstance(AbstractAutowireCapableBeanFactory.java:1205) ~[spring-beans-6.2.15.jar:6.2.15]
	at org.springframework.beans.factory.support.AbstractAutowireCapableBeanFactory.doCreateBean(AbstractAutowireCapableBeanFactory.java:569) ~[spring-beans-6.2.15.jar:6.2.15]
	at org.springframework.beans.factory.support.AbstractAutowireCapableBeanFactory.createBean(AbstractAutowireCapableBeanFactory.java:529) ~[spring-beans-6.2.15.jar:6.2.15]
	at org.springframework.beans.factory.support.AbstractBeanFactory.lambda$doGetBean$0(AbstractBeanFactory.java:339) ~[spring-beans-6.2.15.jar:6.2.15]
	at org.springframework.beans.factory.support.DefaultSingletonBeanRegistry.getSingleton(DefaultSingletonBeanRegistry.java:373) ~[spring-beans-6.2.15.jar:6.2.15]
	at org.springframework.beans.factory.support.AbstractBeanFactory.doGetBean(AbstractBeanFactory.java:337) ~[spring-beans-6.2.15.jar:6.2.15]
	at org.springframework.beans.factory.support.AbstractBeanFactory.getBean(AbstractBeanFactory.java:202) ~[spring-beans-6.2.15.jar:6.2.15]
	at org.springframework.beans.factory.support.BeanDefinitionValueResolver.resolveReference(BeanDefinitionValueResolver.java:365) ~[spring-beans-6.2.15.jar:6.2.15]
	... 81 common frames omitted
Caused by: org.springframework.beans.factory.BeanCreationException: Error creating bean with name 'entityManagerFactory' defined in class path resource [org/springframework/boot/autoconfigure/orm/jpa/HibernateJpaConfiguration.class]: Room
	at org.springframework.beans.factory.support.AbstractAutowireCapableBeanFactory.initializeBean(AbstractAutowireCapableBeanFactory.java:1826) ~[spring-beans-6.2.15.jar:6.2.15]
	at org.springframework.beans.factory.support.AbstractAutowireCapableBeanFactory.doCreateBean(AbstractAutowireCapableBeanFactory.java:607) ~[spring-beans-6.2.15.jar:6.2.15]
	at org.springframework.beans.factory.support.AbstractAutowireCapableBeanFactory.createBean(AbstractAutowireCapableBeanFactory.java:529) ~[spring-beans-6.2.15.jar:6.2.15]
	at org.springframework.beans.factory.support.AbstractBeanFactory.lambda$doGetBean$0(AbstractBeanFactory.java:339) ~[spring-beans-6.2.15.jar:6.2.15]
	at org.springframework.beans.factory.support.DefaultSingletonBeanRegistry.getSingleton(DefaultSingletonBeanRegistry.java:373) ~[spring-beans-6.2.15.jar:6.2.15]
	at org.springframework.beans.factory.support.AbstractBeanFactory.doGetBean(AbstractBeanFactory.java:337) ~[spring-beans-6.2.15.jar:6.2.15]
	at org.springframework.beans.factory.support.AbstractBeanFactory.getBean(AbstractBeanFactory.java:202) ~[spring-beans-6.2.15.jar:6.2.15]
	at org.springframework.beans.factory.support.BeanDefinitionValueResolver.resolveReference(BeanDefinitionValueResolver.java:365) ~[spring-beans-6.2.15.jar:6.2.15]
	... 93 common frames omitted
Caused by: java.lang.NoClassDefFoundError: Room
	at java.base/java.lang.Class.getDeclaredMethods0(Native Method) ~[na:na]
	at java.base/java.lang.Class.privateGetDeclaredMethods(Class.java:3402) ~[na:na]
	at java.base/java.lang.Class.getDeclaredMethods(Class.java:2504) ~[na:na]
	at org.hibernate.annotations.common.reflection.java.JavaXClass.getDeclaredMethodProperties(JavaXClass.java:134) ~[hibernate-commons-annotations-7.0.3.Final.jar:7.0.3.Final]
	at org.hibernate.annotations.common.reflection.java.JavaXClass.getDeclaredProperties(JavaXClass.java:172) ~[hibernate-commons-annotations-7.0.3.Final.jar:7.0.3.Final]
	at org.hibernate.annotations.common.reflection.java.JavaXClass.getDeclaredProperties(JavaXClass.java:164) ~[hibernate-commons-annotations-7.0.3.Final.jar:7.0.3.Final]
	at org.hibernate.boot.model.internal.InheritanceState.determineDefaultAccessType(InheritanceState.java:269) ~[hibernate-core-6.6.39.Final.jar:6.6.39.Final]
	at org.hibernate.boot.model.internal.InheritanceState.getElementsToProcess(InheritanceState.java:226) ~[hibernate-core-6.6.39.Final.jar:6.6.39.Final]
	at org.hibernate.boot.model.internal.InheritanceState.postProcess(InheritanceState.java:162) ~[hibernate-core-6.6.39.Final.jar:6.6.39.Final]
	at org.hibernate.boot.model.internal.EntityBinder.handleIdentifier(EntityBinder.java:410) ~[hibernate-core-6.6.39.Final.jar:6.6.39.Final]
	at org.hibernate.boot.model.internal.EntityBinder.bindEntityClass(EntityBinder.java:251) ~[hibernate-core-6.6.39.Final.jar:6.6.39.Final]
	at org.hibernate.boot.model.internal.AnnotationBinder.bindClass(AnnotationBinder.java:404) ~[hibernate-core-6.6.39.Final.jar:6.6.39.Final]
	at org.hibernate.boot.model.source.internal.annotations.AnnotationMetadataSourceProcessorImpl.processEntityHierarchies(AnnotationMetadataSourceProcessorImpl.java:266) ~[hibernate-core-6.6.39.Final.jar:6.6.39.Final]
	at org.hibernate.boot.model.process.spi.MetadataBuildingProcess$1.processEntityHierarchies(MetadataBuildingProcess.java:281) ~[hibernate-core-6.6.39.Final.jar:6.6.39.Final]
	at org.hibernate.boot.model.process.spi.MetadataBuildingProcess.complete(MetadataBuildingProcess.java:324) ~[hibernate-core-6.6.39.Final.jar:6.6.39.Final]
	at org.hibernate.jpa.boot.internal.EntityManagerFactoryBuilderImpl.metadata(EntityManagerFactoryBuilderImpl.java:1442) ~[hibernate-core-6.6.39.Final.jar:6.6.39.Final]
	at org.hibernate.jpa.boot.internal.EntityManagerFactoryBuilderImpl.build(EntityManagerFactoryBuilderImpl.java:1513) ~[hibernate-core-6.6.39.Final.jar:6.6.39.Final]
	at org.springframework.orm.jpa.vendor.SpringHibernateJpaPersistenceProvider.createContainerEntityManagerFactory(SpringHibernateJpaPersistenceProvider.java:66) ~[spring-orm-6.2.15.jar:6.2.15]
	at org.springframework.orm.jpa.LocalContainerEntityManagerFactoryBean.createNativeEntityManagerFactory(LocalContainerEntityManagerFactoryBean.java:390) ~[spring-orm-6.2.15.jar:6.2.15]
	at org.springframework.orm.jpa.AbstractEntityManagerFactoryBean.buildNativeEntityManagerFactory(AbstractEntityManagerFactoryBean.java:419) ~[spring-orm-6.2.15.jar:6.2.15]
	at org.springframework.orm.jpa.AbstractEntityManagerFactoryBean.afterPropertiesSet(AbstractEntityManagerFactoryBean.java:400) ~[spring-orm-6.2.15.jar:6.2.15]
	at org.springframework.orm.jpa.LocalContainerEntityManagerFactoryBean.afterPropertiesSet(LocalContainerEntityManagerFactoryBean.java:366) ~[spring-orm-6.2.15.jar:6.2.15]
	at org.springframework.beans.factory.support.AbstractAutowireCapableBeanFactory.invokeInitMethods(AbstractAutowireCapableBeanFactory.java:1873) ~[spring-beans-6.2.15.jar:6.2.15]
	at org.springframework.beans.factory.support.AbstractAutowireCapableBeanFactory.initializeBean(AbstractAutowireCapableBeanFactory.java:1822) ~[spring-beans-6.2.15.jar:6.2.15]
	... 100 common frames omitted
Caused by: java.lang.ClassNotFoundException: Room
	at java.base/jdk.internal.loader.BuiltinClassLoader.loadClass(BuiltinClassLoader.java:641) ~[na:na]
	at java.base/jdk.internal.loader.ClassLoaders$AppClassLoader.loadClass(ClassLoaders.java:188) ~[na:na]
	at java.base/java.lang.ClassLoader.loadClass(ClassLoader.java:525) ~[na:na]
	... 124 common frames omitted

2026-03-02T16:06:48.515-05:00  INFO 256 --- [backend] [main] com.spa.backend.SpaBackendApplication    : Starting SpaBackendApplication using Java 17.0.12 with PID 256 (C:\Users\samue\OneDrive\Desktop\spa\Backend_spas\target\classes started by samue in C:\Users\samue\OneDrive\Desktop\spa\Backend_spas)
2026-03-02T16:06:48.519-05:00 DEBUG 256 --- [backend] [main] com.spa.backend.SpaBackendApplication    : Running with Spring Boot v3.5.9, Spring v6.2.15
2026-03-02T16:06:48.520-05:00  INFO 256 --- [backend] [main] com.spa.backend.SpaBackendApplication    : No active profile set, falling back to 1 default profile: "default"
2026-03-02T16:06:50.845-05:00  INFO 256 --- [backend] [main] .s.d.r.c.RepositoryConfigurationDelegate : Bootstrapping Spring Data JPA repositories in DEFAULT mode.
2026-03-02T16:06:51.120-05:00  INFO 256 --- [backend] [main] .s.d.r.c.RepositoryConfigurationDelegate : Finished Spring Data repository scanning in 252 ms. Found 8 JPA repository interfaces.
2026-03-02T16:06:53.253-05:00  INFO 256 --- [backend] [main] o.s.b.w.embedded.tomcat.TomcatWebServer  : Tomcat initialized with port 8085 (http)
2026-03-02T16:06:53.311-05:00  INFO 256 --- [backend] [main] o.apache.catalina.core.StandardService   : Starting service [Tomcat]
2026-03-02T16:06:53.311-05:00  INFO 256 --- [backend] [main] o.apache.catalina.core.StandardEngine    : Starting Servlet engine: [Apache Tomcat/10.1.50]
2026-03-02T16:06:53.500-05:00  INFO 256 --- [backend] [main] o.a.c.c.C.[Tomcat].[localhost].[/]       : Initializing Spring embedded WebApplicationContext
2026-03-02T16:06:53.501-05:00  INFO 256 --- [backend] [main] w.s.c.ServletWebServerApplicationContext : Root WebApplicationContext: initialization completed in 4836 ms
2026-03-02T16:06:54.040-05:00  INFO 256 --- [backend] [main] o.hibernate.jpa.internal.util.LogHelper  : HHH000204: Processing PersistenceUnitInfo [name: default]
2026-03-02T16:06:54.231-05:00  INFO 256 --- [backend] [main] org.hibernate.Version                    : HHH000412: Hibernate ORM core version 6.6.39.Final
2026-03-02T16:06:54.316-05:00  INFO 256 --- [backend] [main] o.h.c.internal.RegionFactoryInitiator    : HHH000026: Second-level cache disabled
2026-03-02T16:06:55.057-05:00  INFO 256 --- [backend] [main] o.s.o.j.p.SpringPersistenceUnitInfo      : No LoadTimeWeaver setup: ignoring JPA class transformer
2026-03-02T16:06:55.153-05:00  INFO 256 --- [backend] [main] com.zaxxer.hikari.HikariDataSource       : HikariPool-1 - Starting...
2026-03-02T16:06:57.006-05:00  INFO 256 --- [backend] [main] com.zaxxer.hikari.pool.HikariPool        : HikariPool-1 - Added connection org.postgresql.jdbc.PgConnection@2f75a9b1
2026-03-02T16:06:57.009-05:00  INFO 256 --- [backend] [main] com.zaxxer.hikari.HikariDataSource       : HikariPool-1 - Start completed.
2026-03-02T16:06:57.165-05:00  WARN 256 --- [backend] [main] org.hibernate.orm.deprecation            : HHH90000025: PostgreSQLDialect does not need to be specified explicitly using 'hibernate.dialect' (remove the property setting and it will be selected by default)
2026-03-02T16:06:57.423-05:00  INFO 256 --- [backend] [main] org.hibernate.orm.connections.pooling    : HHH10001005: Database info:
	Database JDBC URL [Connecting through datasource 'HikariDataSource (HikariPool-1)']
	Database driver: undefined/unknown
	Database version: 17.8
	Autocommit mode: undefined/unknown
	Isolation level: undefined/unknown
	Minimum pool size: undefined/unknown
	Maximum pool size: undefined/unknown
2026-03-02T16:06:59.351-05:00  INFO 256 --- [backend] [main] o.h.e.t.j.p.i.JtaPlatformInitiator       : HHH000489: No JTA platform available (set 'hibernate.transaction.jta.platform' to enable JTA platform integration)
2026-03-02T16:07:02.761-05:00  INFO 256 --- [backend] [main] j.LocalContainerEntityManagerFactoryBean : Initialized JPA EntityManagerFactory for persistence unit 'default'
2026-03-02T16:07:03.637-05:00 DEBUG 256 --- [backend] [main] c.s.b.security.JwtAuthenticationFilter   : Filter 'jwtAuthenticationFilter' configured for use
2026-03-02T16:07:03.951-05:00  INFO 256 --- [backend] [main] r$InitializeUserDetailsManagerConfigurer : Global AuthenticationManager configured with UserDetailsService bean with name customUserDetailsService
2026-03-02T16:07:04.260-05:00  INFO 256 --- [backend] [main] o.s.d.j.r.query.QueryEnhancerFactory     : Hibernate is in classpath; If applicable, HQL parser will be used.
2026-03-02T16:07:05.843-05:00  WARN 256 --- [backend] [main] JpaBaseConfiguration$JpaWebConfiguration : spring.jpa.open-in-view is enabled by default. Therefore, database queries may be performed during view rendering. Explicitly configure spring.jpa.open-in-view to disable this warning
2026-03-02T16:07:08.193-05:00  INFO 256 --- [backend] [main] o.s.b.w.embedded.tomcat.TomcatWebServer  : Tomcat started on port 8085 (http) with context path '/'
2026-03-02T16:07:08.223-05:00  INFO 256 --- [backend] [main] com.spa.backend.SpaBackendApplication    : Started SpaBackendApplication in 21.1 seconds (process running for 21.708)
2026-03-02T16:08:20.974-05:00  INFO 256 --- [backend] [http-nio-8085-exec-1] o.a.c.c.C.[Tomcat].[localhost].[/]       : Initializing Spring DispatcherServlet 'dispatcherServlet'
2026-03-02T16:08:20.975-05:00  INFO 256 --- [backend] [http-nio-8085-exec-1] o.s.web.servlet.DispatcherServlet        : Initializing Servlet 'dispatcherServlet'
2026-03-02T16:08:20.981-05:00  INFO 256 --- [backend] [http-nio-8085-exec-1] o.s.web.servlet.DispatcherServlet        : Completed initialization in 5 ms
2026-03-02T16:08:21.111-05:00 DEBUG 256 --- [backend] [http-nio-8085-exec-1] c.s.b.security.JwtAuthenticationFilter   : === JWT FILTER === GET /v1/api/services
2026-03-02T16:08:21.113-05:00 DEBUG 256 --- [backend] [http-nio-8085-exec-1] c.s.b.security.JwtAuthenticationFilter   : Token found in Authorization header
2026-03-02T16:08:21.322-05:00  INFO 256 --- [backend] [http-nio-8085-exec-1] c.s.b.security.JwtAuthenticationFilter   : JWT validated successfully for user: ASD@gmail.com
2026-03-02T16:08:21.651-05:00 DEBUG 256 --- [backend] [http-nio-8085-exec-1] c.s.b.security.JwtAuthenticationFilter   : User ASD@gmail.com authenticated successfully
2026-03-02T16:08:28.851-05:00 DEBUG 256 --- [backend] [http-nio-8085-exec-2] c.s.b.security.JwtAuthenticationFilter   : === JWT FILTER === GET /v1/api/rooms
2026-03-02T16:08:28.852-05:00 DEBUG 256 --- [backend] [http-nio-8085-exec-2] c.s.b.security.JwtAuthenticationFilter   : Token found in Authorization header
2026-03-02T16:08:28.858-05:00  INFO 256 --- [backend] [http-nio-8085-exec-2] c.s.b.security.JwtAuthenticationFilter   : JWT validated successfully for user: ASD@gmail.com
2026-03-02T16:08:28.861-05:00 DEBUG 256 --- [backend] [http-nio-8085-exec-3] c.s.b.security.JwtAuthenticationFilter   : === JWT FILTER === GET /v1/api/services
2026-03-02T16:08:28.862-05:00 DEBUG 256 --- [backend] [http-nio-8085-exec-3] c.s.b.security.JwtAuthenticationFilter   : Token found in Authorization header
2026-03-02T16:08:28.863-05:00  INFO 256 --- [backend] [http-nio-8085-exec-3] c.s.b.security.JwtAuthenticationFilter   : JWT validated successfully for user: ASD@gmail.com
2026-03-02T16:08:29.086-05:00 DEBUG 256 --- [backend] [http-nio-8085-exec-2] c.s.b.security.JwtAuthenticationFilter   : User ASD@gmail.com authenticated successfully
2026-03-02T16:08:29.091-05:00 DEBUG 256 --- [backend] [http-nio-8085-exec-3] c.s.b.security.JwtAuthenticationFilter   : User ASD@gmail.com authenticated successfully
2026-03-02T16:08:38.749-05:00 DEBUG 256 --- [backend] [http-nio-8085-exec-5] c.s.b.security.JwtAuthenticationFilter   : === JWT FILTER === GET /v1/api/quotes/available-slots
2026-03-02T16:08:38.749-05:00 DEBUG 256 --- [backend] [http-nio-8085-exec-5] c.s.b.security.JwtAuthenticationFilter   : Token found in Authorization header
2026-03-02T16:08:38.752-05:00  INFO 256 --- [backend] [http-nio-8085-exec-5] c.s.b.security.JwtAuthenticationFilter   : JWT validated successfully for user: ASD@gmail.com
2026-03-02T16:08:38.977-05:00 DEBUG 256 --- [backend] [http-nio-8085-exec-5] c.s.b.security.JwtAuthenticationFilter   : User ASD@gmail.com authenticated successfully
2026-03-02T16:08:46.275-05:00 DEBUG 256 --- [backend] [http-nio-8085-exec-7] c.s.b.security.JwtAuthenticationFilter   : === JWT FILTER === GET /v1/api/quotes/availability
2026-03-02T16:08:46.278-05:00 DEBUG 256 --- [backend] [http-nio-8085-exec-7] c.s.b.security.JwtAuthenticationFilter   : Token found in Authorization header
2026-03-02T16:08:46.280-05:00  INFO 256 --- [backend] [http-nio-8085-exec-7] c.s.b.security.JwtAuthenticationFilter   : JWT validated successfully for user: ASD@gmail.com
2026-03-02T16:08:46.510-05:00 DEBUG 256 --- [backend] [http-nio-8085-exec-7] c.s.b.security.JwtAuthenticationFilter   : User ASD@gmail.com authenticated successfully
2026-03-02T16:15:00.699-05:00 DEBUG 256 --- [backend] [http-nio-8085-exec-10] c.s.b.security.JwtAuthenticationFilter   : === JWT FILTER === GET /v1/api/rooms
2026-03-02T16:15:00.700-05:00 DEBUG 256 --- [backend] [http-nio-8085-exec-10] c.s.b.security.JwtAuthenticationFilter   : Token found in Authorization header
2026-03-02T16:15:00.701-05:00 DEBUG 256 --- [backend] [http-nio-8085-exec-1] c.s.b.security.JwtAuthenticationFilter   : === JWT FILTER === GET /v1/api/services
2026-03-02T16:15:00.701-05:00 DEBUG 256 --- [backend] [http-nio-8085-exec-1] c.s.b.security.JwtAuthenticationFilter   : Token found in Authorization header
2026-03-02T16:15:00.703-05:00  INFO 256 --- [backend] [http-nio-8085-exec-10] c.s.b.security.JwtAuthenticationFilter   : JWT validated successfully for user: ASD@gmail.com
2026-03-02T16:15:00.705-05:00  INFO 256 --- [backend] [http-nio-8085-exec-1] c.s.b.security.JwtAuthenticationFilter   : JWT validated successfully for user: ASD@gmail.com
2026-03-02T16:15:00.966-05:00 DEBUG 256 --- [backend] [http-nio-8085-exec-1] c.s.b.security.JwtAuthenticationFilter   : User ASD@gmail.com authenticated successfully
2026-03-02T16:15:00.971-05:00 DEBUG 256 --- [backend] [http-nio-8085-exec-10] c.s.b.security.JwtAuthenticationFilter   : User ASD@gmail.com authenticated successfully
2026-03-02T16:15:27.157-05:00 DEBUG 256 --- [backend] [http-nio-8085-exec-3] c.s.b.security.JwtAuthenticationFilter   : === JWT FILTER === POST /v1/api/quotes/estimate
2026-03-02T16:15:27.158-05:00 DEBUG 256 --- [backend] [http-nio-8085-exec-3] c.s.b.security.JwtAuthenticationFilter   : Token found in Authorization header
2026-03-02T16:15:27.161-05:00  INFO 256 --- [backend] [http-nio-8085-exec-3] c.s.b.security.JwtAuthenticationFilter   : JWT validated successfully for user: ASD@gmail.com
2026-03-02T16:15:27.390-05:00 DEBUG 256 --- [backend] [http-nio-8085-exec-3] c.s.b.security.JwtAuthenticationFilter   : User ASD@gmail.com authenticated successfully
2026-03-02T16:15:33.344-05:00 DEBUG 256 --- [backend] [http-nio-8085-exec-2] c.s.b.security.JwtAuthenticationFilter   : === JWT FILTER === POST /v1/api/quotes/estimate
2026-03-02T16:15:33.345-05:00 DEBUG 256 --- [backend] [http-nio-8085-exec-2] c.s.b.security.JwtAuthenticationFilter   : Token found in Authorization header
2026-03-02T16:15:33.349-05:00  INFO 256 --- [backend] [http-nio-8085-exec-2] c.s.b.security.JwtAuthenticationFilter   : JWT validated successfully for user: ASD@gmail.com
2026-03-02T16:15:33.580-05:00 DEBUG 256 --- [backend] [http-nio-8085-exec-2] c.s.b.security.JwtAuthenticationFilter   : User ASD@gmail.com authenticated successfully
2026-03-02T16:15:33.816-05:00 DEBUG 256 --- [backend] [http-nio-8085-exec-4] c.s.b.security.JwtAuthenticationFilter   : === JWT FILTER === POST /v1/api/quotes/estimate
2026-03-02T16:15:33.817-05:00 DEBUG 256 --- [backend] [http-nio-8085-exec-4] c.s.b.security.JwtAuthenticationFilter   : Token found in Authorization header
2026-03-02T16:15:33.819-05:00  INFO 256 --- [backend] [http-nio-8085-exec-4] c.s.b.security.JwtAuthenticationFilter   : JWT validated successfully for user: ASD@gmail.com
2026-03-02T16:15:34.045-05:00 DEBUG 256 --- [backend] [http-nio-8085-exec-4] c.s.b.security.JwtAuthenticationFilter   : User ASD@gmail.com authenticated successfully
2026-03-02T16:15:35.516-05:00 DEBUG 256 --- [backend] [http-nio-8085-exec-5] c.s.b.security.JwtAuthenticationFilter   : === JWT FILTER === POST /v1/api/quotes/estimate
2026-03-02T16:15:35.516-05:00 DEBUG 256 --- [backend] [http-nio-8085-exec-5] c.s.b.security.JwtAuthenticationFilter   : Token found in Authorization header
2026-03-02T16:15:35.518-05:00  INFO 256 --- [backend] [http-nio-8085-exec-5] c.s.b.security.JwtAuthenticationFilter   : JWT validated successfully for user: ASD@gmail.com
2026-03-02T16:15:35.743-05:00 DEBUG 256 --- [backend] [http-nio-8085-exec-5] c.s.b.security.JwtAuthenticationFilter   : User ASD@gmail.com authenticated successfully
2026-03-02T16:15:36.918-05:00 DEBUG 256 --- [backend] [http-nio-8085-exec-6] c.s.b.security.JwtAuthenticationFilter   : === JWT FILTER === POST /v1/api/quotes/estimate
2026-03-02T16:15:36.920-05:00 DEBUG 256 --- [backend] [http-nio-8085-exec-6] c.s.b.security.JwtAuthenticationFilter   : Token found in Authorization header
2026-03-02T16:15:36.925-05:00  INFO 256 --- [backend] [http-nio-8085-exec-6] c.s.b.security.JwtAuthenticationFilter   : JWT validated successfully for user: ASD@gmail.com
2026-03-02T16:15:37.157-05:00 DEBUG 256 --- [backend] [http-nio-8085-exec-6] c.s.b.security.JwtAuthenticationFilter   : User ASD@gmail.com authenticated successfully
2026-03-02T16:15:37.425-05:00 DEBUG 256 --- [backend] [http-nio-8085-exec-7] c.s.b.security.JwtAuthenticationFilter   : === JWT FILTER === POST /v1/api/quotes/estimate
2026-03-02T16:15:37.426-05:00 DEBUG 256 --- [backend] [http-nio-8085-exec-7] c.s.b.security.JwtAuthenticationFilter   : Token found in Authorization header
2026-03-02T16:15:37.429-05:00  INFO 256 --- [backend] [http-nio-8085-exec-7] c.s.b.security.JwtAuthenticationFilter   : JWT validated successfully for user: ASD@gmail.com
2026-03-02T16:15:37.653-05:00 DEBUG 256 --- [backend] [http-nio-8085-exec-7] c.s.b.security.JwtAuthenticationFilter   : User ASD@gmail.com authenticated successfully
2026-03-02T16:15:43.011-05:00 DEBUG 256 --- [backend] [http-nio-8085-exec-8] c.s.b.security.JwtAuthenticationFilter   : === JWT FILTER === POST /v1/api/quotes/estimate
2026-03-02T16:15:43.012-05:00 DEBUG 256 --- [backend] [http-nio-8085-exec-8] c.s.b.security.JwtAuthenticationFilter   : Token found in Authorization header
2026-03-02T16:15:43.013-05:00  INFO 256 --- [backend] [http-nio-8085-exec-8] c.s.b.security.JwtAuthenticationFilter   : JWT validated successfully for user: ASD@gmail.com
2026-03-02T16:15:43.234-05:00 DEBUG 256 --- [backend] [http-nio-8085-exec-8] c.s.b.security.JwtAuthenticationFilter   : User ASD@gmail.com authenticated successfully
2026-03-02T16:15:45.061-05:00 DEBUG 256 --- [backend] [http-nio-8085-exec-9] c.s.b.security.JwtAuthenticationFilter   : === JWT FILTER === POST /v1/api/quotes/estimate
2026-03-02T16:15:45.061-05:00 DEBUG 256 --- [backend] [http-nio-8085-exec-9] c.s.b.security.JwtAuthenticationFilter   : Token found in Authorization header
2026-03-02T16:15:45.063-05:00  INFO 256 --- [backend] [http-nio-8085-exec-9] c.s.b.security.JwtAuthenticationFilter   : JWT validated successfully for user: ASD@gmail.com
2026-03-02T16:15:45.288-05:00 DEBUG 256 --- [backend] [http-nio-8085-exec-9] c.s.b.security.JwtAuthenticationFilter   : User ASD@gmail.com authenticated successfully
2026-03-02T16:15:47.216-05:00 DEBUG 256 --- [backend] [http-nio-8085-exec-1] c.s.b.security.JwtAuthenticationFilter   : === JWT FILTER === POST /v1/api/quotes/estimate
2026-03-02T16:15:47.218-05:00 DEBUG 256 --- [backend] [http-nio-8085-exec-1] c.s.b.security.JwtAuthenticationFilter   : Token found in Authorization header
2026-03-02T16:15:47.223-05:00  INFO 256 --- [backend] [http-nio-8085-exec-1] c.s.b.security.JwtAuthenticationFilter   : JWT validated successfully for user: ASD@gmail.com
2026-03-02T16:15:47.457-05:00 DEBUG 256 --- [backend] [http-nio-8085-exec-1] c.s.b.security.JwtAuthenticationFilter   : User ASD@gmail.com authenticated successfully
2026-03-02T16:15:53.070-05:00 DEBUG 256 --- [backend] [http-nio-8085-exec-10] c.s.b.security.JwtAuthenticationFilter   : === JWT FILTER === POST /v1/api/quotes/estimate
2026-03-02T16:15:53.070-05:00 DEBUG 256 --- [backend] [http-nio-8085-exec-10] c.s.b.security.JwtAuthenticationFilter   : Token found in Authorization header
2026-03-02T16:15:53.072-05:00  INFO 256 --- [backend] [http-nio-8085-exec-10] c.s.b.security.JwtAuthenticationFilter   : JWT validated successfully for user: ASD@gmail.com
2026-03-02T16:15:53.337-05:00 DEBUG 256 --- [backend] [http-nio-8085-exec-10] c.s.b.security.JwtAuthenticationFilter   : User ASD@gmail.com authenticated successfully
2026-03-02T16:15:53.372-05:00 DEBUG 256 --- [backend] [http-nio-8085-exec-3] c.s.b.security.JwtAuthenticationFilter   : === JWT FILTER === POST /v1/api/quotes/estimate
2026-03-02T16:15:53.373-05:00 DEBUG 256 --- [backend] [http-nio-8085-exec-3] c.s.b.security.JwtAuthenticationFilter   : Token found in Authorization header
2026-03-02T16:15:53.379-05:00  INFO 256 --- [backend] [http-nio-8085-exec-3] c.s.b.security.JwtAuthenticationFilter   : JWT validated successfully for user: ASD@gmail.com
2026-03-02T16:15:53.607-05:00 DEBUG 256 --- [backend] [http-nio-8085-exec-3] c.s.b.security.JwtAuthenticationFilter   : User ASD@gmail.com authenticated successfully
2026-03-02T16:15:53.621-05:00 DEBUG 256 --- [backend] [http-nio-8085-exec-2] c.s.b.security.JwtAuthenticationFilter   : === JWT FILTER === POST /v1/api/quotes/estimate
2026-03-02T16:15:53.621-05:00 DEBUG 256 --- [backend] [http-nio-8085-exec-2] c.s.b.security.JwtAuthenticationFilter   : Token found in Authorization header
2026-03-02T16:15:53.625-05:00  INFO 256 --- [backend] [http-nio-8085-exec-2] c.s.b.security.JwtAuthenticationFilter   : JWT validated successfully for user: ASD@gmail.com
2026-03-02T16:15:53.741-05:00 DEBUG 256 --- [backend] [http-nio-8085-exec-2] c.s.b.security.JwtAuthenticationFilter   : User ASD@gmail.com authenticated successfully
2026-03-02T16:15:53.851-05:00 DEBUG 256 --- [backend] [http-nio-8085-exec-4] c.s.b.security.JwtAuthenticationFilter   : === JWT FILTER === POST /v1/api/quotes/estimate
2026-03-02T16:15:53.852-05:00 DEBUG 256 --- [backend] [http-nio-8085-exec-4] c.s.b.security.JwtAuthenticationFilter   : Token found in Authorization header
2026-03-02T16:15:53.854-05:00  INFO 256 --- [backend] [http-nio-8085-exec-4] c.s.b.security.JwtAuthenticationFilter   : JWT validated successfully for user: ASD@gmail.com
2026-03-02T16:15:54.081-05:00 DEBUG 256 --- [backend] [http-nio-8085-exec-4] c.s.b.security.JwtAuthenticationFilter   : User ASD@gmail.com authenticated successfully
2026-03-02T16:17:33.280-05:00 DEBUG 256 --- [backend] [http-nio-8085-exec-8] c.s.b.security.JwtAuthenticationFilter   : === JWT FILTER === POST /v1/api/quotes/estimate
2026-03-02T16:17:33.281-05:00 DEBUG 256 --- [backend] [http-nio-8085-exec-8] c.s.b.security.JwtAuthenticationFilter   : Token found in Authorization header
2026-03-02T16:17:33.285-05:00  INFO 256 --- [backend] [http-nio-8085-exec-8] c.s.b.security.JwtAuthenticationFilter   : JWT validated successfully for user: ASD@gmail.com
2026-03-02T16:17:33.511-05:00 DEBUG 256 --- [backend] [http-nio-8085-exec-8] c.s.b.security.JwtAuthenticationFilter   : User ASD@gmail.com authenticated successfully
2026-03-02T16:17:33.572-05:00 DEBUG 256 --- [backend] [http-nio-8085-exec-9] c.s.b.security.JwtAuthenticationFilter   : === JWT FILTER === POST /v1/api/quotes/estimate
2026-03-02T16:17:33.573-05:00 DEBUG 256 --- [backend] [http-nio-8085-exec-9] c.s.b.security.JwtAuthenticationFilter   : Token found in Authorization header
2026-03-02T16:17:33.578-05:00  INFO 256 --- [backend] [http-nio-8085-exec-9] c.s.b.security.JwtAuthenticationFilter   : JWT validated successfully for user: ASD@gmail.com
2026-03-02T16:17:33.805-05:00 DEBUG 256 --- [backend] [http-nio-8085-exec-9] c.s.b.security.JwtAuthenticationFilter   : User ASD@gmail.com authenticated successfully
2026-03-02T16:17:33.916-05:00 DEBUG 256 --- [backend] [http-nio-8085-exec-1] c.s.b.security.JwtAuthenticationFilter   : === JWT FILTER === POST /v1/api/quotes/estimate
2026-03-02T16:17:33.916-05:00 DEBUG 256 --- [backend] [http-nio-8085-exec-1] c.s.b.security.JwtAuthenticationFilter   : Token found in Authorization header
2026-03-02T16:17:33.918-05:00  INFO 256 --- [backend] [http-nio-8085-exec-1] c.s.b.security.JwtAuthenticationFilter   : JWT validated successfully for user: ASD@gmail.com
2026-03-02T16:17:34.162-05:00 DEBUG 256 --- [backend] [http-nio-8085-exec-1] c.s.b.security.JwtAuthenticationFilter   : User ASD@gmail.com authenticated successfully
2026-03-02T16:20:22.087-05:00 DEBUG 256 --- [backend] [http-nio-8085-exec-6] c.s.b.security.JwtAuthenticationFilter   : === JWT FILTER === GET /v1/api/quotes/available-slots
2026-03-02T16:20:22.088-05:00 DEBUG 256 --- [backend] [http-nio-8085-exec-6] c.s.b.security.JwtAuthenticationFilter   : Token found in Authorization header
2026-03-02T16:20:22.090-05:00  INFO 256 --- [backend] [http-nio-8085-exec-6] c.s.b.security.JwtAuthenticationFilter   : JWT validated successfully for user: ASD@gmail.com
2026-03-02T16:20:22.371-05:00 DEBUG 256 --- [backend] [http-nio-8085-exec-6] c.s.b.security.JwtAuthenticationFilter   : User ASD@gmail.com authenticated successfully
2026-03-02T16:33:17.118-05:00  INFO 256 --- [backend] [SpringApplicationShutdownHook] o.s.b.w.e.tomcat.GracefulShutdown        : Commencing graceful shutdown. Waiting for active requests to complete
2026-03-02T16:33:17.206-05:00  INFO 256 --- [backend] [tomcat-shutdown] o.s.b.w.e.tomcat.GracefulShutdown        : Graceful shutdown complete
2026-03-02T16:33:17.218-05:00  INFO 256 --- [backend] [SpringApplicationShutdownHook] j.LocalContainerEntityManagerFactoryBean : Closing JPA EntityManagerFactory for persistence unit 'default'
2026-03-02T16:33:17.223-05:00  INFO 256 --- [backend] [SpringApplicationShutdownHook] com.zaxxer.hikari.HikariDataSource       : HikariPool-1 - Shutdown initiated...
2026-03-02T16:33:17.455-05:00  INFO 256 --- [backend] [SpringApplicationShutdownHook] com.zaxxer.hikari.HikariDataSource       : HikariPool-1 - Shutdown completed.
2026-03-02T16:33:24.386-05:00  INFO 24316 --- [backend] [main] com.spa.backend.SpaBackendApplication    : Starting SpaBackendApplication using Java 17.0.12 with PID 24316 (C:\Users\samue\OneDrive\Desktop\spa\Backend_spas\target\classes started by samue in C:\Users\samue\OneDrive\Desktop\spa\Backend_spas)
2026-03-02T16:33:24.391-05:00 DEBUG 24316 --- [backend] [main] com.spa.backend.SpaBackendApplication    : Running with Spring Boot v3.5.9, Spring v6.2.15
2026-03-02T16:33:24.393-05:00  INFO 24316 --- [backend] [main] com.spa.backend.SpaBackendApplication    : No active profile set, falling back to 1 default profile: "default"
2026-03-02T16:33:26.869-05:00  INFO 24316 --- [backend] [main] .s.d.r.c.RepositoryConfigurationDelegate : Bootstrapping Spring Data JPA repositories in DEFAULT mode.
2026-03-02T16:33:27.240-05:00  INFO 24316 --- [backend] [main] .s.d.r.c.RepositoryConfigurationDelegate : Finished Spring Data repository scanning in 338 ms. Found 8 JPA repository interfaces.
2026-03-02T16:33:29.339-05:00  INFO 24316 --- [backend] [main] o.s.b.w.embedded.tomcat.TomcatWebServer  : Tomcat initialized with port 8085 (http)
2026-03-02T16:33:29.380-05:00  INFO 24316 --- [backend] [main] o.apache.catalina.core.StandardService   : Starting service [Tomcat]
2026-03-02T16:33:29.383-05:00  INFO 24316 --- [backend] [main] o.apache.catalina.core.StandardEngine    : Starting Servlet engine: [Apache Tomcat/10.1.50]
2026-03-02T16:33:29.568-05:00  INFO 24316 --- [backend] [main] o.a.c.c.C.[Tomcat].[localhost].[/]       : Initializing Spring embedded WebApplicationContext
2026-03-02T16:33:29.569-05:00  INFO 24316 --- [backend] [main] w.s.c.ServletWebServerApplicationContext : Root WebApplicationContext: initialization completed in 4954 ms
2026-03-02T16:33:29.983-05:00  INFO 24316 --- [backend] [main] o.hibernate.jpa.internal.util.LogHelper  : HHH000204: Processing PersistenceUnitInfo [name: default]
2026-03-02T16:33:30.167-05:00  INFO 24316 --- [backend] [main] org.hibernate.Version                    : HHH000412: Hibernate ORM core version 6.6.39.Final
2026-03-02T16:33:30.277-05:00  INFO 24316 --- [backend] [main] o.h.c.internal.RegionFactoryInitiator    : HHH000026: Second-level cache disabled
2026-03-02T16:33:31.069-05:00  INFO 24316 --- [backend] [main] o.s.o.j.p.SpringPersistenceUnitInfo      : No LoadTimeWeaver setup: ignoring JPA class transformer
2026-03-02T16:33:31.181-05:00  INFO 24316 --- [backend] [main] com.zaxxer.hikari.HikariDataSource       : HikariPool-1 - Starting...
2026-03-02T16:33:32.887-05:00  INFO 24316 --- [backend] [main] com.zaxxer.hikari.pool.HikariPool        : HikariPool-1 - Added connection org.postgresql.jdbc.PgConnection@6fbc7853
2026-03-02T16:33:32.892-05:00  INFO 24316 --- [backend] [main] com.zaxxer.hikari.HikariDataSource       : HikariPool-1 - Start completed.
2026-03-02T16:33:33.107-05:00  WARN 24316 --- [backend] [main] org.hibernate.orm.deprecation            : HHH90000025: PostgreSQLDialect does not need to be specified explicitly using 'hibernate.dialect' (remove the property setting and it will be selected by default)
2026-03-02T16:33:33.407-05:00  INFO 24316 --- [backend] [main] org.hibernate.orm.connections.pooling    : HHH10001005: Database info:
	Database JDBC URL [Connecting through datasource 'HikariDataSource (HikariPool-1)']
	Database driver: undefined/unknown
	Database version: 17.8
	Autocommit mode: undefined/unknown
	Isolation level: undefined/unknown
	Minimum pool size: undefined/unknown
	Maximum pool size: undefined/unknown
2026-03-02T16:33:35.379-05:00  INFO 24316 --- [backend] [main] o.h.e.t.j.p.i.JtaPlatformInitiator       : HHH000489: No JTA platform available (set 'hibernate.transaction.jta.platform' to enable JTA platform integration)
2026-03-02T16:33:38.827-05:00  INFO 24316 --- [backend] [main] j.LocalContainerEntityManagerFactoryBean : Initialized JPA EntityManagerFactory for persistence unit 'default'
2026-03-02T16:33:39.859-05:00 DEBUG 24316 --- [backend] [main] c.s.b.security.JwtAuthenticationFilter   : Filter 'jwtAuthenticationFilter' configured for use
2026-03-02T16:33:40.194-05:00  INFO 24316 --- [backend] [main] r$InitializeUserDetailsManagerConfigurer : Global AuthenticationManager configured with UserDetailsService bean with name customUserDetailsService
2026-03-02T16:33:40.419-05:00  INFO 24316 --- [backend] [main] o.s.d.j.r.query.QueryEnhancerFactory     : Hibernate is in classpath; If applicable, HQL parser will be used.
2026-03-02T16:33:42.338-05:00  WARN 24316 --- [backend] [main] JpaBaseConfiguration$JpaWebConfiguration : spring.jpa.open-in-view is enabled by default. Therefore, database queries may be performed during view rendering. Explicitly configure spring.jpa.open-in-view to disable this warning
2026-03-02T16:33:44.975-05:00  INFO 24316 --- [backend] [main] o.s.b.w.embedded.tomcat.TomcatWebServer  : Tomcat started on port 8085 (http) with context path '/'
2026-03-02T16:33:44.994-05:00  INFO 24316 --- [backend] [main] com.spa.backend.SpaBackendApplication    : Started SpaBackendApplication in 22.171 seconds (process running for 22.856)
2026-03-02T16:34:04.876-05:00  INFO 24316 --- [backend] [http-nio-8085-exec-2] o.a.c.c.C.[Tomcat].[localhost].[/]       : Initializing Spring DispatcherServlet 'dispatcherServlet'
2026-03-02T16:34:04.881-05:00  INFO 24316 --- [backend] [http-nio-8085-exec-2] o.s.web.servlet.DispatcherServlet        : Initializing Servlet 'dispatcherServlet'
2026-03-02T16:34:04.886-05:00  INFO 24316 --- [backend] [http-nio-8085-exec-2] o.s.web.servlet.DispatcherServlet        : Completed initialization in 2 ms
2026-03-02T16:34:05.049-05:00 DEBUG 24316 --- [backend] [http-nio-8085-exec-2] c.s.b.security.JwtAuthenticationFilter   : === JWT FILTER === GET /v1/api/rooms
2026-03-02T16:34:05.050-05:00 DEBUG 24316 --- [backend] [http-nio-8085-exec-1] c.s.b.security.JwtAuthenticationFilter   : === JWT FILTER === GET /v1/api/services
2026-03-02T16:34:05.051-05:00 DEBUG 24316 --- [backend] [http-nio-8085-exec-2] c.s.b.security.JwtAuthenticationFilter   : Token found in Authorization header
2026-03-02T16:34:05.054-05:00 DEBUG 24316 --- [backend] [http-nio-8085-exec-1] c.s.b.security.JwtAuthenticationFilter   : Token found in Authorization header
2026-03-02T16:34:05.423-05:00  INFO 24316 --- [backend] [http-nio-8085-exec-2] c.s.b.security.JwtAuthenticationFilter   : JWT validated successfully for user: ASD@gmail.com
2026-03-02T16:34:05.424-05:00  INFO 24316 --- [backend] [http-nio-8085-exec-1] c.s.b.security.JwtAuthenticationFilter   : JWT validated successfully for user: ASD@gmail.com
2026-03-02T16:34:05.813-05:00 DEBUG 24316 --- [backend] [http-nio-8085-exec-2] c.s.b.security.JwtAuthenticationFilter   : User ASD@gmail.com authenticated successfully
2026-03-02T16:34:05.813-05:00 DEBUG 24316 --- [backend] [http-nio-8085-exec-1] c.s.b.security.JwtAuthenticationFilter   : User ASD@gmail.com authenticated successfully
2026-03-02T16:37:14.554-05:00 DEBUG 24316 --- [backend] [http-nio-8085-exec-5] c.s.b.security.JwtAuthenticationFilter   : === JWT FILTER === GET /v1/api/rooms
2026-03-02T16:37:14.558-05:00 DEBUG 24316 --- [backend] [http-nio-8085-exec-5] c.s.b.security.JwtAuthenticationFilter   : Token found in Authorization header
2026-03-02T16:37:14.555-05:00 DEBUG 24316 --- [backend] [http-nio-8085-exec-6] c.s.b.security.JwtAuthenticationFilter   : === JWT FILTER === GET /v1/api/services
2026-03-02T16:37:14.579-05:00  INFO 24316 --- [backend] [http-nio-8085-exec-5] c.s.b.security.JwtAuthenticationFilter   : JWT validated successfully for user: ASD@gmail.com
2026-03-02T16:37:14.585-05:00 DEBUG 24316 --- [backend] [http-nio-8085-exec-6] c.s.b.security.JwtAuthenticationFilter   : Token found in Authorization header
2026-03-02T16:37:14.590-05:00  INFO 24316 --- [backend] [http-nio-8085-exec-6] c.s.b.security.JwtAuthenticationFilter   : JWT validated successfully for user: ASD@gmail.com
2026-03-02T16:37:14.863-05:00 DEBUG 24316 --- [backend] [http-nio-8085-exec-5] c.s.b.security.JwtAuthenticationFilter   : User ASD@gmail.com authenticated successfully
2026-03-02T16:37:15.015-05:00 DEBUG 24316 --- [backend] [http-nio-8085-exec-6] c.s.b.security.JwtAuthenticationFilter   : User ASD@gmail.com authenticated successfully
2026-03-02T16:37:35.077-05:00 DEBUG 24316 --- [backend] [http-nio-8085-exec-8] c.s.b.security.JwtAuthenticationFilter   : === JWT FILTER === GET /v1/api/quotes/available-slots
2026-03-02T16:37:35.077-05:00 DEBUG 24316 --- [backend] [http-nio-8085-exec-8] c.s.b.security.JwtAuthenticationFilter   : Token found in Authorization header
2026-03-02T16:37:35.079-05:00  INFO 24316 --- [backend] [http-nio-8085-exec-8] c.s.b.security.JwtAuthenticationFilter   : JWT validated successfully for user: ASD@gmail.com
2026-03-02T16:37:35.323-05:00 DEBUG 24316 --- [backend] [http-nio-8085-exec-8] c.s.b.security.JwtAuthenticationFilter   : User ASD@gmail.com authenticated successfully
2026-03-02T16:39:12.019-05:00 DEBUG 24316 --- [backend] [http-nio-8085-exec-2] c.s.b.security.JwtAuthenticationFilter   : === JWT FILTER === GET /v1/api/quotes/available-slots
2026-03-02T16:39:12.020-05:00 DEBUG 24316 --- [backend] [http-nio-8085-exec-2] c.s.b.security.JwtAuthenticationFilter   : Token found in Authorization header
2026-03-02T16:39:12.023-05:00  INFO 24316 --- [backend] [http-nio-8085-exec-2] c.s.b.security.JwtAuthenticationFilter   : JWT validated successfully for user: ASD@gmail.com
2026-03-02T16:39:12.258-05:00 DEBUG 24316 --- [backend] [http-nio-8085-exec-2] c.s.b.security.JwtAuthenticationFilter   : User ASD@gmail.com authenticated successfully
2026-03-02T16:41:57.798-05:00 DEBUG 24316 --- [backend] [http-nio-8085-exec-3] c.s.b.security.JwtAuthenticationFilter   : === JWT FILTER === POST /v1/api/quotes/estimate
2026-03-02T16:41:57.799-05:00 DEBUG 24316 --- [backend] [http-nio-8085-exec-3] c.s.b.security.JwtAuthenticationFilter   : Token found in Authorization header
2026-03-02T16:41:57.802-05:00  INFO 24316 --- [backend] [http-nio-8085-exec-3] c.s.b.security.JwtAuthenticationFilter   : JWT validated successfully for user: ASD@gmail.com
2026-03-02T16:41:57.803-05:00 DEBUG 24316 --- [backend] [http-nio-8085-exec-5] c.s.b.security.JwtAuthenticationFilter   : === JWT FILTER === GET /v1/api/quotes/available-slots
2026-03-02T16:41:57.805-05:00 DEBUG 24316 --- [backend] [http-nio-8085-exec-5] c.s.b.security.JwtAuthenticationFilter   : Token found in Authorization header
2026-03-02T16:41:57.810-05:00  INFO 24316 --- [backend] [http-nio-8085-exec-5] c.s.b.security.JwtAuthenticationFilter   : JWT validated successfully for user: ASD@gmail.com
2026-03-02T16:41:58.028-05:00 DEBUG 24316 --- [backend] [http-nio-8085-exec-3] c.s.b.security.JwtAuthenticationFilter   : User ASD@gmail.com authenticated successfully
2026-03-02T16:41:58.046-05:00 DEBUG 24316 --- [backend] [http-nio-8085-exec-5] c.s.b.security.JwtAuthenticationFilter   : User ASD@gmail.com authenticated successfully
2026-03-02T16:41:58.155-05:00 DEBUG 24316 --- [backend] [http-nio-8085-exec-6] c.s.b.security.JwtAuthenticationFilter   : === JWT FILTER === POST /v1/api/quotes/estimate
2026-03-02T16:41:58.155-05:00 DEBUG 24316 --- [backend] [http-nio-8085-exec-6] c.s.b.security.JwtAuthenticationFilter   : Token found in Authorization header
2026-03-02T16:41:58.157-05:00  INFO 24316 --- [backend] [http-nio-8085-exec-6] c.s.b.security.JwtAuthenticationFilter   : JWT validated successfully for user: ASD@gmail.com
2026-03-02T16:41:58.160-05:00 DEBUG 24316 --- [backend] [http-nio-8085-exec-8] c.s.b.security.JwtAuthenticationFilter   : === JWT FILTER === GET /v1/api/quotes/available-slots
2026-03-02T16:41:58.162-05:00 DEBUG 24316 --- [backend] [http-nio-8085-exec-8] c.s.b.security.JwtAuthenticationFilter   : Token found in Authorization header
2026-03-02T16:41:58.167-05:00  INFO 24316 --- [backend] [http-nio-8085-exec-8] c.s.b.security.JwtAuthenticationFilter   : JWT validated successfully for user: ASD@gmail.com
2026-03-02T16:41:58.389-05:00 DEBUG 24316 --- [backend] [http-nio-8085-exec-6] c.s.b.security.JwtAuthenticationFilter   : User ASD@gmail.com authenticated successfully
2026-03-02T16:41:58.505-05:00 DEBUG 24316 --- [backend] [http-nio-8085-exec-8] c.s.b.security.JwtAuthenticationFilter   : User ASD@gmail.com authenticated successfully
2026-03-02T16:41:59.309-05:00 DEBUG 24316 --- [backend] [http-nio-8085-exec-9] c.s.b.security.JwtAuthenticationFilter   : === JWT FILTER === POST /v1/api/quotes/estimate
2026-03-02T16:41:59.317-05:00 DEBUG 24316 --- [backend] [http-nio-8085-exec-9] c.s.b.security.JwtAuthenticationFilter   : Token found in Authorization header
2026-03-02T16:41:59.320-05:00 DEBUG 24316 --- [backend] [http-nio-8085-exec-2] c.s.b.security.JwtAuthenticationFilter   : === JWT FILTER === GET /v1/api/quotes/available-slots
2026-03-02T16:41:59.329-05:00 DEBUG 24316 --- [backend] [http-nio-8085-exec-2] c.s.b.security.JwtAuthenticationFilter   : Token found in Authorization header
2026-03-02T16:41:59.324-05:00  INFO 24316 --- [backend] [http-nio-8085-exec-9] c.s.b.security.JwtAuthenticationFilter   : JWT validated successfully for user: ASD@gmail.com
2026-03-02T16:41:59.332-05:00  INFO 24316 --- [backend] [http-nio-8085-exec-2] c.s.b.security.JwtAuthenticationFilter   : JWT validated successfully for user: ASD@gmail.com
2026-03-02T16:41:59.449-05:00 DEBUG 24316 --- [backend] [http-nio-8085-exec-2] c.s.b.security.JwtAuthenticationFilter   : User ASD@gmail.com authenticated successfully
2026-03-02T16:41:59.559-05:00 DEBUG 24316 --- [backend] [http-nio-8085-exec-9] c.s.b.security.JwtAuthenticationFilter   : User ASD@gmail.com authenticated successfully
2026-03-02T16:44:59.973-05:00 DEBUG 24316 --- [backend] [http-nio-8085-exec-6] c.s.b.security.JwtAuthenticationFilter   : === JWT FILTER === POST /v1/api/quotes/estimate
2026-03-02T16:44:59.973-05:00 DEBUG 24316 --- [backend] [http-nio-8085-exec-10] c.s.b.security.JwtAuthenticationFilter   : === JWT FILTER === GET /v1/api/quotes/available-slots
2026-03-02T16:44:59.974-05:00 DEBUG 24316 --- [backend] [http-nio-8085-exec-6] c.s.b.security.JwtAuthenticationFilter   : Token found in Authorization header
2026-03-02T16:44:59.974-05:00 DEBUG 24316 --- [backend] [http-nio-8085-exec-10] c.s.b.security.JwtAuthenticationFilter   : Token found in Authorization header
2026-03-02T16:44:59.976-05:00  INFO 24316 --- [backend] [http-nio-8085-exec-10] c.s.b.security.JwtAuthenticationFilter   : JWT validated successfully for user: ASD@gmail.com
2026-03-02T16:44:59.976-05:00  INFO 24316 --- [backend] [http-nio-8085-exec-6] c.s.b.security.JwtAuthenticationFilter   : JWT validated successfully for user: ASD@gmail.com
2026-03-02T16:45:00.203-05:00 DEBUG 24316 --- [backend] [http-nio-8085-exec-10] c.s.b.security.JwtAuthenticationFilter   : User ASD@gmail.com authenticated successfully
2026-03-02T16:45:00.207-05:00 DEBUG 24316 --- [backend] [http-nio-8085-exec-6] c.s.b.security.JwtAuthenticationFilter   : User ASD@gmail.com authenticated successfully
2026-03-02T16:45:08.203-05:00 DEBUG 24316 --- [backend] [http-nio-8085-exec-5] c.s.b.security.JwtAuthenticationFilter   : === JWT FILTER === GET /v1/api/products
2026-03-02T16:45:08.203-05:00 DEBUG 24316 --- [backend] [http-nio-8085-exec-9] c.s.b.security.JwtAuthenticationFilter   : === JWT FILTER === GET /v1/api/services
2026-03-02T16:45:08.204-05:00 DEBUG 24316 --- [backend] [http-nio-8085-exec-5] c.s.b.security.JwtAuthenticationFilter   : Token found in Authorization header
2026-03-02T16:45:08.204-05:00 DEBUG 24316 --- [backend] [http-nio-8085-exec-9] c.s.b.security.JwtAuthenticationFilter   : Token found in Authorization header
2026-03-02T16:45:08.207-05:00  INFO 24316 --- [backend] [http-nio-8085-exec-5] c.s.b.security.JwtAuthenticationFilter   : JWT validated successfully for user: ASD@gmail.com
2026-03-02T16:45:08.207-05:00  INFO 24316 --- [backend] [http-nio-8085-exec-9] c.s.b.security.JwtAuthenticationFilter   : JWT validated successfully for user: ASD@gmail.com
2026-03-02T16:45:08.437-05:00 DEBUG 24316 --- [backend] [http-nio-8085-exec-5] c.s.b.security.JwtAuthenticationFilter   : User ASD@gmail.com authenticated successfully
2026-03-02T16:45:08.448-05:00 DEBUG 24316 --- [backend] [http-nio-8085-exec-9] c.s.b.security.JwtAuthenticationFilter   : User ASD@gmail.com authenticated successfully
2026-03-02T17:01:47.107-05:00 DEBUG 24316 --- [backend] [http-nio-8085-exec-7] c.s.b.security.JwtAuthenticationFilter   : === JWT FILTER === GET /v1/api/services
2026-03-02T17:01:47.109-05:00 DEBUG 24316 --- [backend] [http-nio-8085-exec-7] c.s.b.security.JwtAuthenticationFilter   : Token found in Authorization header
2026-03-02T17:01:47.115-05:00 DEBUG 24316 --- [backend] [http-nio-8085-exec-3] c.s.b.security.JwtAuthenticationFilter   : === JWT FILTER === GET /v1/api/products
2026-03-02T17:01:47.116-05:00 DEBUG 24316 --- [backend] [http-nio-8085-exec-3] c.s.b.security.JwtAuthenticationFilter   : Token found in Authorization header
2026-03-02T17:01:47.117-05:00  WARN 24316 --- [backend] [http-nio-8085-exec-7] c.s.b.security.JwtAuthenticationFilter   : Invalid JWT token for request: GET /v1/api/services
2026-03-02T17:01:47.119-05:00  WARN 24316 --- [backend] [http-nio-8085-exec-3] c.s.b.security.JwtAuthenticationFilter   : Invalid JWT token for request: GET /v1/api/products
2026-03-02T17:02:49.570-05:00 DEBUG 24316 --- [backend] [http-nio-8085-exec-5] c.s.b.security.JwtAuthenticationFilter   : === JWT FILTER === POST /v1/api/auth/login
2026-03-02T17:02:49.573-05:00 DEBUG 24316 --- [backend] [http-nio-8085-exec-5] c.s.b.security.JwtAuthenticationFilter   : No Bearer token found in request: POST /v1/api/auth/login
2026-03-02T17:02:49.767-05:00  INFO 24316 --- [backend] [http-nio-8085-exec-5] com.spa.backend.rest.AuthController      : === LOGIN REQUEST ===
2026-03-02T17:02:49.771-05:00  INFO 24316 --- [backend] [http-nio-8085-exec-5] com.spa.backend.rest.AuthController      : Email: ASD@gmail.com
2026-03-02T17:02:50.243-05:00  INFO 24316 --- [backend] [http-nio-8085-exec-5] com.spa.backend.rest.AuthController      : Login successful for user: ASD@gmail.com
2026-03-02T17:02:50.268-05:00 DEBUG 24316 --- [backend] [http-nio-8085-exec-2] c.s.b.security.JwtAuthenticationFilter   : === JWT FILTER === GET /v1/api/auth/me
2026-03-02T17:02:50.269-05:00 DEBUG 24316 --- [backend] [http-nio-8085-exec-2] c.s.b.security.JwtAuthenticationFilter   : Token found in Authorization header
2026-03-02T17:02:50.272-05:00  INFO 24316 --- [backend] [http-nio-8085-exec-2] c.s.b.security.JwtAuthenticationFilter   : JWT validated successfully for user: ASD@gmail.com
2026-03-02T17:02:50.390-05:00 DEBUG 24316 --- [backend] [http-nio-8085-exec-2] c.s.b.security.JwtAuthenticationFilter   : User ASD@gmail.com authenticated successfully
2026-03-02T17:02:50.581-05:00 DEBUG 24316 --- [backend] [http-nio-8085-exec-1] c.s.b.security.JwtAuthenticationFilter   : === JWT FILTER === GET /v1/api/services
2026-03-02T17:02:50.587-05:00 DEBUG 24316 --- [backend] [http-nio-8085-exec-1] c.s.b.security.JwtAuthenticationFilter   : Token found in Authorization header
2026-03-02T17:02:50.591-05:00  INFO 24316 --- [backend] [http-nio-8085-exec-1] c.s.b.security.JwtAuthenticationFilter   : JWT validated successfully for user: ASD@gmail.com
2026-03-02T17:02:50.591-05:00 DEBUG 24316 --- [backend] [http-nio-8085-exec-4] c.s.b.security.JwtAuthenticationFilter   : === JWT FILTER === GET /v1/api/products
2026-03-02T17:02:50.594-05:00 DEBUG 24316 --- [backend] [http-nio-8085-exec-4] c.s.b.security.JwtAuthenticationFilter   : Token found in Authorization header
2026-03-02T17:02:50.599-05:00  INFO 24316 --- [backend] [http-nio-8085-exec-4] c.s.b.security.JwtAuthenticationFilter   : JWT validated successfully for user: ASD@gmail.com
2026-03-02T17:02:50.706-05:00 DEBUG 24316 --- [backend] [http-nio-8085-exec-1] c.s.b.security.JwtAuthenticationFilter   : User ASD@gmail.com authenticated successfully
2026-03-02T17:02:50.837-05:00 DEBUG 24316 --- [backend] [http-nio-8085-exec-4] c.s.b.security.JwtAuthenticationFilter   : User ASD@gmail.com authenticated successfully
2026-03-02T17:02:57.296-05:00 DEBUG 24316 --- [backend] [http-nio-8085-exec-3] c.s.b.security.JwtAuthenticationFilter   : === JWT FILTER === GET /v1/api/services
2026-03-02T17:02:57.298-05:00 DEBUG 24316 --- [backend] [http-nio-8085-exec-3] c.s.b.security.JwtAuthenticationFilter   : Token found in Authorization header
2026-03-02T17:02:57.301-05:00  INFO 24316 --- [backend] [http-nio-8085-exec-3] c.s.b.security.JwtAuthenticationFilter   : JWT validated successfully for user: ASD@gmail.com
2026-03-02T17:02:57.523-05:00 DEBUG 24316 --- [backend] [http-nio-8085-exec-3] c.s.b.security.JwtAuthenticationFilter   : User ASD@gmail.com authenticated successfully
2026-03-02T17:03:00.397-05:00 DEBUG 24316 --- [backend] [http-nio-8085-exec-7] c.s.b.security.JwtAuthenticationFilter   : === JWT FILTER === GET /v1/api/services
2026-03-02T17:03:00.400-05:00 DEBUG 24316 --- [backend] [http-nio-8085-exec-7] c.s.b.security.JwtAuthenticationFilter   : Token found in Authorization header
2026-03-02T17:03:00.402-05:00 DEBUG 24316 --- [backend] [http-nio-8085-exec-6] c.s.b.security.JwtAuthenticationFilter   : === JWT FILTER === GET /v1/api/products
2026-03-02T17:03:00.402-05:00  INFO 24316 --- [backend] [http-nio-8085-exec-7] c.s.b.security.JwtAuthenticationFilter   : JWT validated successfully for user: ASD@gmail.com
2026-03-02T17:03:00.402-05:00 DEBUG 24316 --- [backend] [http-nio-8085-exec-6] c.s.b.security.JwtAuthenticationFilter   : Token found in Authorization header
2026-03-02T17:03:00.405-05:00  INFO 24316 --- [backend] [http-nio-8085-exec-6] c.s.b.security.JwtAuthenticationFilter   : JWT validated successfully for user: ASD@gmail.com
2026-03-02T17:03:00.625-05:00 DEBUG 24316 --- [backend] [http-nio-8085-exec-7] c.s.b.security.JwtAuthenticationFilter   : User ASD@gmail.com authenticated successfully
2026-03-02T17:03:00.629-05:00 DEBUG 24316 --- [backend] [http-nio-8085-exec-6] c.s.b.security.JwtAuthenticationFilter   : User ASD@gmail.com authenticated successfully
2026-03-02T17:03:03.596-05:00 DEBUG 24316 --- [backend] [http-nio-8085-exec-10] c.s.b.security.JwtAuthenticationFilter   : === JWT FILTER === GET /v1/api/services
2026-03-02T17:03:03.596-05:00 DEBUG 24316 --- [backend] [http-nio-8085-exec-10] c.s.b.security.JwtAuthenticationFilter   : Token found in Authorization header
2026-03-02T17:03:03.596-05:00 DEBUG 24316 --- [backend] [http-nio-8085-exec-9] c.s.b.security.JwtAuthenticationFilter   : === JWT FILTER === GET /v1/api/products
2026-03-02T17:03:03.597-05:00 DEBUG 24316 --- [backend] [http-nio-8085-exec-9] c.s.b.security.JwtAuthenticationFilter   : Token found in Authorization header
2026-03-02T17:03:03.598-05:00  INFO 24316 --- [backend] [http-nio-8085-exec-10] c.s.b.security.JwtAuthenticationFilter   : JWT validated successfully for user: ASD@gmail.com
2026-03-02T17:03:03.600-05:00  INFO 24316 --- [backend] [http-nio-8085-exec-9] c.s.b.security.JwtAuthenticationFilter   : JWT validated successfully for user: ASD@gmail.com
2026-03-02T17:03:03.831-05:00 DEBUG 24316 --- [backend] [http-nio-8085-exec-10] c.s.b.security.JwtAuthenticationFilter   : User ASD@gmail.com authenticated successfully
2026-03-02T17:03:03.832-05:00 DEBUG 24316 --- [backend] [http-nio-8085-exec-9] c.s.b.security.JwtAuthenticationFilter   : User ASD@gmail.com authenticated successfully
2026-03-02T17:03:42.898-05:00 DEBUG 24316 --- [backend] [http-nio-8085-exec-5] c.s.b.security.JwtAuthenticationFilter   : === JWT FILTER === GET /v1/api/services
2026-03-02T17:03:42.898-05:00 DEBUG 24316 --- [backend] [http-nio-8085-exec-8] c.s.b.security.JwtAuthenticationFilter   : === JWT FILTER === GET /v1/api/products
2026-03-02T17:03:42.899-05:00 DEBUG 24316 --- [backend] [http-nio-8085-exec-5] c.s.b.security.JwtAuthenticationFilter   : Token found in Authorization header
2026-03-02T17:03:42.900-05:00 DEBUG 24316 --- [backend] [http-nio-8085-exec-8] c.s.b.security.JwtAuthenticationFilter   : Token found in Authorization header
2026-03-02T17:03:42.903-05:00  INFO 24316 --- [backend] [http-nio-8085-exec-5] c.s.b.security.JwtAuthenticationFilter   : JWT validated successfully for user: ASD@gmail.com
2026-03-02T17:03:42.905-05:00  INFO 24316 --- [backend] [http-nio-8085-exec-8] c.s.b.security.JwtAuthenticationFilter   : JWT validated successfully for user: ASD@gmail.com
2026-03-02T17:03:43.128-05:00 DEBUG 24316 --- [backend] [http-nio-8085-exec-8] c.s.b.security.JwtAuthenticationFilter   : User ASD@gmail.com authenticated successfully
2026-03-02T17:03:43.128-05:00 DEBUG 24316 --- [backend] [http-nio-8085-exec-5] c.s.b.security.JwtAuthenticationFilter   : User ASD@gmail.com authenticated successfully
2026-03-02T17:04:41.234-05:00 DEBUG 24316 --- [backend] [http-nio-8085-exec-2] c.s.b.security.JwtAuthenticationFilter   : === JWT FILTER === GET /v1/api/services
2026-03-02T17:04:41.234-05:00 DEBUG 24316 --- [backend] [http-nio-8085-exec-2] c.s.b.security.JwtAuthenticationFilter   : Token found in Authorization header
2026-03-02T17:04:41.239-05:00 DEBUG 24316 --- [backend] [http-nio-8085-exec-1] c.s.b.security.JwtAuthenticationFilter   : === JWT FILTER === GET /v1/api/products
2026-03-02T17:04:41.240-05:00  INFO 24316 --- [backend] [http-nio-8085-exec-2] c.s.b.security.JwtAuthenticationFilter   : JWT validated successfully for user: ASD@gmail.com
2026-03-02T17:04:41.241-05:00 DEBUG 24316 --- [backend] [http-nio-8085-exec-1] c.s.b.security.JwtAuthenticationFilter   : Token found in Authorization header
2026-03-02T17:04:41.249-05:00  INFO 24316 --- [backend] [http-nio-8085-exec-1] c.s.b.security.JwtAuthenticationFilter   : JWT validated successfully for user: ASD@gmail.com
2026-03-02T17:04:41.467-05:00 DEBUG 24316 --- [backend] [http-nio-8085-exec-2] c.s.b.security.JwtAuthenticationFilter   : User ASD@gmail.com authenticated successfully
2026-03-02T17:04:41.476-05:00 DEBUG 24316 --- [backend] [http-nio-8085-exec-1] c.s.b.security.JwtAuthenticationFilter   : User ASD@gmail.com authenticated successfully
2026-03-02T17:05:25.476-05:00 DEBUG 24316 --- [backend] [http-nio-8085-exec-4] c.s.b.security.JwtAuthenticationFilter   : === JWT FILTER === GET /v1/api/services
2026-03-02T17:05:25.476-05:00 DEBUG 24316 --- [backend] [http-nio-8085-exec-3] c.s.b.security.JwtAuthenticationFilter   : === JWT FILTER === GET /v1/api/products
2026-03-02T17:05:25.477-05:00 DEBUG 24316 --- [backend] [http-nio-8085-exec-4] c.s.b.security.JwtAuthenticationFilter   : Token found in Authorization header
2026-03-02T17:05:25.477-05:00 DEBUG 24316 --- [backend] [http-nio-8085-exec-3] c.s.b.security.JwtAuthenticationFilter   : Token found in Authorization header
2026-03-02T17:05:25.478-05:00  INFO 24316 --- [backend] [http-nio-8085-exec-3] c.s.b.security.JwtAuthenticationFilter   : JWT validated successfully for user: ASD@gmail.com
2026-03-02T17:05:25.478-05:00  INFO 24316 --- [backend] [http-nio-8085-exec-4] c.s.b.security.JwtAuthenticationFilter   : JWT validated successfully for user: ASD@gmail.com
2026-03-02T17:05:25.710-05:00 DEBUG 24316 --- [backend] [http-nio-8085-exec-4] c.s.b.security.JwtAuthenticationFilter   : User ASD@gmail.com authenticated successfully
2026-03-02T17:05:25.710-05:00 DEBUG 24316 --- [backend] [http-nio-8085-exec-3] c.s.b.security.JwtAuthenticationFilter   : User ASD@gmail.com authenticated successfully
2026-03-02T17:07:32.430-05:00 DEBUG 24316 --- [backend] [http-nio-8085-exec-9] c.s.b.security.JwtAuthenticationFilter   : === JWT FILTER === GET /v1/api/products
2026-03-02T17:07:32.430-05:00 DEBUG 24316 --- [backend] [http-nio-8085-exec-10] c.s.b.security.JwtAuthenticationFilter   : === JWT FILTER === GET /v1/api/services
2026-03-02T17:07:32.430-05:00 DEBUG 24316 --- [backend] [http-nio-8085-exec-9] c.s.b.security.JwtAuthenticationFilter   : Token found in Authorization header
2026-03-02T17:07:32.430-05:00 DEBUG 24316 --- [backend] [http-nio-8085-exec-10] c.s.b.security.JwtAuthenticationFilter   : Token found in Authorization header
2026-03-02T17:07:32.431-05:00  INFO 24316 --- [backend] [http-nio-8085-exec-10] c.s.b.security.JwtAuthenticationFilter   : JWT validated successfully for user: ASD@gmail.com
2026-03-02T17:07:32.432-05:00  INFO 24316 --- [backend] [http-nio-8085-exec-9] c.s.b.security.JwtAuthenticationFilter   : JWT validated successfully for user: ASD@gmail.com
2026-03-02T17:07:32.664-05:00 DEBUG 24316 --- [backend] [http-nio-8085-exec-10] c.s.b.security.JwtAuthenticationFilter   : User ASD@gmail.com authenticated successfully
2026-03-02T17:07:32.665-05:00 DEBUG 24316 --- [backend] [http-nio-8085-exec-9] c.s.b.security.JwtAuthenticationFilter   : User ASD@gmail.com authenticated successfully
2026-03-02T17:10:18.361-05:00 DEBUG 24316 --- [backend] [http-nio-8085-exec-1] c.s.b.security.JwtAuthenticationFilter   : === JWT FILTER === GET /v1/api/services
2026-03-02T17:10:18.370-05:00 DEBUG 24316 --- [backend] [http-nio-8085-exec-4] c.s.b.security.JwtAuthenticationFilter   : === JWT FILTER === GET /v1/api/rooms
2026-03-02T17:10:18.370-05:00 DEBUG 24316 --- [backend] [http-nio-8085-exec-1] c.s.b.security.JwtAuthenticationFilter   : Token found in Authorization header
2026-03-02T17:10:18.378-05:00 DEBUG 24316 --- [backend] [http-nio-8085-exec-4] c.s.b.security.JwtAuthenticationFilter   : Token found in Authorization header
2026-03-02T17:10:18.381-05:00  INFO 24316 --- [backend] [http-nio-8085-exec-4] c.s.b.security.JwtAuthenticationFilter   : JWT validated successfully for user: ASD@gmail.com
2026-03-02T17:10:18.381-05:00  INFO 24316 --- [backend] [http-nio-8085-exec-1] c.s.b.security.JwtAuthenticationFilter   : JWT validated successfully for user: ASD@gmail.com
2026-03-02T17:10:18.634-05:00 DEBUG 24316 --- [backend] [http-nio-8085-exec-4] c.s.b.security.JwtAuthenticationFilter   : User ASD@gmail.com authenticated successfully
2026-03-02T17:10:18.634-05:00 DEBUG 24316 --- [backend] [http-nio-8085-exec-1] c.s.b.security.JwtAuthenticationFilter   : User ASD@gmail.com authenticated successfully
2026-03-02T17:23:36.338-05:00 DEBUG 24316 --- [backend] [http-nio-8085-exec-7] c.s.b.security.JwtAuthenticationFilter   : === JWT FILTER === GET /v1/api/services
2026-03-02T17:23:36.338-05:00 DEBUG 24316 --- [backend] [http-nio-8085-exec-10] c.s.b.security.JwtAuthenticationFilter   : === JWT FILTER === GET /v1/api/products
2026-03-02T17:23:36.339-05:00 DEBUG 24316 --- [backend] [http-nio-8085-exec-7] c.s.b.security.JwtAuthenticationFilter   : Token found in Authorization header
2026-03-02T17:23:36.339-05:00 DEBUG 24316 --- [backend] [http-nio-8085-exec-10] c.s.b.security.JwtAuthenticationFilter   : Token found in Authorization header
2026-03-02T17:23:36.341-05:00  INFO 24316 --- [backend] [http-nio-8085-exec-10] c.s.b.security.JwtAuthenticationFilter   : JWT validated successfully for user: ASD@gmail.com
2026-03-02T17:23:36.341-05:00  INFO 24316 --- [backend] [http-nio-8085-exec-7] c.s.b.security.JwtAuthenticationFilter   : JWT validated successfully for user: ASD@gmail.com
2026-03-02T17:23:36.570-05:00 DEBUG 24316 --- [backend] [http-nio-8085-exec-10] c.s.b.security.JwtAuthenticationFilter   : User ASD@gmail.com authenticated successfully
2026-03-02T17:23:36.572-05:00 DEBUG 24316 --- [backend] [http-nio-8085-exec-7] c.s.b.security.JwtAuthenticationFilter   : User ASD@gmail.com authenticated successfully
2026-03-02T17:27:39.319-05:00  INFO 24316 --- [backend] [SpringApplicationShutdownHook] o.s.b.w.e.tomcat.GracefulShutdown        : Commencing graceful shutdown. Waiting for active requests to complete
2026-03-02T17:27:39.376-05:00  INFO 24316 --- [backend] [tomcat-shutdown] o.s.b.w.e.tomcat.GracefulShutdown        : Graceful shutdown complete
2026-03-02T17:27:39.388-05:00  INFO 24316 --- [backend] [SpringApplicationShutdownHook] j.LocalContainerEntityManagerFactoryBean : Closing JPA EntityManagerFactory for persistence unit 'default'
2026-03-02T17:27:39.396-05:00  INFO 24316 --- [backend] [SpringApplicationShutdownHook] com.zaxxer.hikari.HikariDataSource       : HikariPool-1 - Shutdown initiated...
2026-03-02T17:27:39.621-05:00  INFO 24316 --- [backend] [SpringApplicationShutdownHook] com.zaxxer.hikari.HikariDataSource       : HikariPool-1 - Shutdown completed.
